time,hum,tem,co2,illumination,pressure,pm2_5,pm10,wind_direction,wind_direction_angle,wind_speed,wind_speed_level,tsr,bat
2023-05-02T16:51:03.665,99.9,30.7,282,32450,999.9,3,3,NNW,327.1,0.7,1,146,
2023-05-02T16:31:03.670,95.5,30.5,308,21770,999.9,3,3,ESE,117.2,1.2,1,111.8,
2023-05-02T16:11:03.648,97,31.1,303,85460,999.6,3,3,NNW,326.4,1.2,1,407.1,
2023-05-02T15:51:03.655,96.8,31.3,283,32180,1000.2,4,5,SSW,192.8,1.1,1,186.6,
2023-05-02T15:31:03.623,91.2,32.3,267,57080,999.9,4,4,NW,308.4,0.7,1,351.3,
2023-05-02T15:11:03.642,91.1,32.1,275,63750,1000.4,3,4,N,0.3,0.6,1,391,
2023-05-02T14:51:03.618,88.7,32.3,304,53220,1000.7,3,3,SSE,158.9,1.3,1,342.3,
2023-05-02T14:31:03.591,89.6,32.7,289,103050,1000.9,4,5,W,268.8,2,2,587.4,
2023-05-02T14:11:03.614,93.5,32.4,312,75380,1001.4,3,3,WNW,300.9,0.6,1,447.7,
2023-05-02T13:51:03.573,97.2,31.4,265,45690,1001.9,4,5,NNW,339.6,3.3,2,300.2,
2023-05-02T13:31:03.571,95,31.8,297,112420,1001.9,3,3,NNW,333.6,1.2,1,696.4,
2023-05-02T13:11:03.565,94.9,32.2,309,145860,1002.2,3,3,NW,323.6,0.9,1,901.8,
2023-05-02T12:51:03.547,92.1,32.8,330,160520,1002.5,3,3,NNW,348,1.4,1,998.8,
2023-05-02T12:31:03.555,98.9,31.4,339,161550,1002.7,3,3,NW,305.7,1.3,1,996.5,
2023-05-02T12:11:03.541,99.9,30.9,321,90950,1003.1,3,3,NW,315.7,1.5,1,588.2,
2023-05-02T11:51:03.528,99.9,30.5,333,102590,1003.2,3,3,W,278.3,1.3,1,656.8,
2023-05-02T11:31:03.541,99.9,30.4,322,62600,1003.4,4,5,NNW,339.2,0.6,1,409,
2023-05-02T11:11:03.505,99.9,29.7,321,93260,1003.3,3,3,N,2.2,1.1,1,583.5,
2023-05-02T10:51:03.532,99.9,29.9,342,82410,1003.6,3,3,NW,305.9,0.9,1,526.3,
2023-05-02T10:31:03.514,99.9,29.2,364,80080,1003.8,3,3,WNW,295,1.3,1,487.4,
2023-05-02T10:11:03.530,99.9,28.7,391,62770,1004.2,3,3,NNW,337.7,1.4,1,403.1,
2023-05-02T09:51:03.524,99.9,27.4,400,51660,1004.4,4,5,NNW,347.9,1.1,1,345.9,
2023-05-02T09:31:03.510,99.9,26.9,431,16080,1004.7,3,3,WNW,295,0.7,1,120.8,
2023-05-02T09:11:03.533,99.9,26.8,442,31160,1004.5,3,3,NW,309.4,0.8,1,232.7,
2023-05-02T08:51:03.536,99.9,26.2,497,21230,1004.3,3,3,NNW,339.3,1.1,1,161.2,
2023-05-02T08:31:03.542,99.9,26,526,11080,1004.3,3,4,NNW,347.8,1,1,72.7,
2023-05-02T08:11:03.545,99.9,25.8,528,13940,1003.8,5,6,WNW,297,1.5,1,96,
2023-05-02T07:51:03.529,99.9,25.6,513,21620,1003.4,3,3,WNW,290.8,1.7,2,170,
2023-05-02T07:31:03.539,99.9,25.3,513,13460,1003.5,3,3,NW,309.4,1.5,1,99.3,
2023-05-02T07:11:03.529,99.9,25.1,512,7430,1003.4,3,3,WNW,302.8,0.8,1,55.3,
2023-05-02T06:51:03.550,99.9,25,514,4030,1003.2,3,3,NNW,328.3,0.9,1,29.1,
2023-05-02T06:31:03.539,99.9,24.9,487,1180,1003,3,3,W,280.3,0.2,0,5.2,
2023-05-02T06:11:03.549,99.9,24.9,502,290,1002.9,4,5,WNW,292.1,0.6,1,0,
2023-05-02T05:51:03.535,99.9,24.7,476,20,1002.7,4,5,WNW,291.1,1.1,1,0,
2023-05-02T05:31:03.560,99.9,24.7,544,0,1002.4,4,5,W,263.5,0,0,0,
2023-05-02T05:11:03.560,99.9,24.7,587,0,1002.1,4,5,N,2.8,1.1,1,0,
2023-05-02T04:51:03.550,99.9,24.7,591,0,1001.9,4,5,WNW,284.7,0.6,1,0,
2023-05-02T04:31:03.555,99.9,24.7,566,0,1001.8,3,3,N,3.2,1.4,1,0,
2023-05-02T04:11:03.560,99.9,24.9,506,0,1001.7,4,5,W,268.4,1.8,2,0,
2023-05-02T03:51:03.570,99.9,25.1,437,0,1001.6,21,27,NNW,332.1,0.6,1,0,
2023-05-02T03:31:03.573,99.9,25.3,412,0,1001.3,3,3,WNW,288.4,0.7,1,0,
2023-05-02T03:11:03.570,99.9,25.6,399,0,1001.5,5,6,NW,318.8,1,1,0,
2023-05-02T02:51:03.560,99.9,25.9,417,0,1001.5,3,3,NNW,332.3,1.7,2,0,
2023-05-02T02:31:03.582,99.9,25.7,472,0,1001.8,104,131,E,79.2,0.9,1,0,
2023-05-02T02:11:03.598,99.9,26,425,0,1001.7,38,49,ESE,103.9,0,0,0,
2023-05-02T01:51:03.578,99.9,25.9,464,0,1001.7,57,71,S,174.5,0.6,1,0,
2023-05-02T01:31:03.587,99.9,25.8,433,0,1001.4,19,24,SW,220.4,0.3,1,0,
2023-05-02T01:11:03.592,99.9,26,425,0,1001.7,12,15,SW,232.6,0,0,0,
2023-05-02T00:51:03.601,99.9,26.1,438,0,1002.2,11,14,SSE,156,0,0,0,
2023-05-02T00:31:03.592,99.9,26.2,425,0,1002.6,23,28,S,191.2,0.5,1,0,
2023-05-02T00:11:03.589,99.9,26.3,419,0,1003,17,21,ESE,111.5,0.8,1,0,
2023-05-01T23:51:03.608,99.9,26.2,414,0,1003.1,21,27,SSW,205.6,0.4,1,0,
2023-05-01T23:31:03.592,99.9,26,404,0,1003.6,22,29,SE,126.6,0,0,0,
2023-05-01T23:11:03.607,99.9,26.1,399,0,1003.6,14,18,S,179.9,0.7,1,0,
2023-05-01T22:51:03.612,99.9,26.2,385,0,1003.9,15,19,S,178.2,0.9,1,0,
2023-05-01T22:31:03.602,99.9,26.1,382,0,1004.1,13,17,ENE,62.9,0.6,1,0,
2023-05-01T22:11:03.607,99.9,26.2,414,0,1004.1,21,27,E,89.6,1.2,1,0,
2023-05-01T21:51:03.615,99.9,26.1,383,0,1004,22,29,S,171.5,0.9,1,0,
2023-05-01T21:31:03.595,99.9,26.4,376,0,1003.4,30,37,SE,142.8,0.5,1,0,
2023-05-01T21:11:03.595,99.9,26.4,359,0,1003,17,22,SSW,213.3,0.5,1,0,
2023-05-01T20:51:03.602,99.9,26.4,354,0,1003.1,14,17,E,84.1,0.4,1,0,
2023-05-01T20:31:03.626,99.9,26.6,359,0,1002.9,9,11,E,94.5,0.9,1,0,
2023-05-01T20:11:03.612,99.9,26.2,378,0,1002.9,9,11,SSE,160,0.7,1,0,
2023-05-01T19:51:03.630,99.9,26.3,357,0,1002.7,4,5,ESE,102.6,2.9,2,0,
2023-05-01T19:31:03.605,99.9,28.6,338,0,1002.2,5,6,SW,215.6,1.1,1,0,
2023-05-01T19:11:03.632,99.9,28.7,335,0,1002,7,9,NNE,14.4,0.8,1,0,
2023-05-01T18:51:03.633,99.9,28.5,347,0,1001.6,14,18,W,265.6,1.2,1,0,
2023-05-01T18:31:03.637,99.9,28.9,346,10,1001.6,12,15,SW,221.7,0.1,0,0,
2023-05-01T18:11:03.601,99.9,29,333,660,1000.7,12,15,ESE,102.3,1.1,1,1.3,
2023-05-01T17:51:03.619,99.9,29.2,320,1120,1000.7,8,10,SW,226.1,0.9,1,4.6,
2023-05-01T17:31:03.630,99.9,29.2,349,2280,1000.7,8,10,SW,235.4,0.2,0,12.8,
2023-05-01T17:11:03.606,99.9,29.4,338,8780,999.7,6,7,NNW,326.7,0.8,1,64.3,
2023-05-01T16:51:03.605,99.9,29.6,319,14050,999.4,4,5,N,351.5,2.4,2,99.3,
2023-05-01T16:31:03.605,99.9,29.8,303,19110,998.7,6,8,NE,34.6,1.7,2,136.7,
2023-05-01T16:11:03.600,99.9,30.5,277,28240,999,6,7,WNW,287.9,3.3,2,204,
2023-05-01T15:51:03.590,93.7,31.2,277,35320,998.6,3,3,WNW,295.4,2.1,2,254.3,
2023-05-01T15:31:03.595,90.8,31.4,281,34560,998.6,3,4,WSW,240.2,0.9,1,256.3,
2023-05-01T15:11:03.601,91.8,31.2,298,70630,998.6,4,5,W,273.6,5.1,3,432,
2023-05-01T14:51:03.596,93.2,31.6,298,70670,999.2,9,11,W,266,2.8,2,426.5,
2023-05-01T14:31:03.577,96,30.9,290,35060,999.7,7,9,WNW,283.8,3.9,3,252.4,
2023-05-01T14:11:03.561,99.9,31,273,38030,999.8,19,25,NW,309.4,3.6,3,273.2,
2023-05-01T13:51:03.577,99.3,31.3,279,54570,1000.1,23,29,WNW,303.4,2.5,2,352,
2023-05-01T13:31:03.551,99.9,31,331,94100,1000.4,13,16,NNW,336.7,3.4,3,569.1,
2023-05-01T13:11:03.572,97,32.3,306,135870,1000.2,12,15,ESE,112.6,0.5,1,821.1,
2023-05-01T12:51:03.561,99.9,30.3,326,83710,1000.7,7,8,NNE,18.6,1.4,1,502.1,
2023-05-01T12:31:03.556,99.9,29.7,318,96950,1001,12,15,NNE,27.9,0.7,1,611.7,
2023-05-01T12:11:03.536,99.9,27.4,388,29810,1001.8,17,21,NNW,330.8,1.1,1,211.2,
2023-05-01T11:51:03.545,99.9,26.5,442,22480,1002.5,15,19,NNW,339.9,1.3,1,170.5,
2023-05-01T11:31:03.543,99.9,26.9,386,23650,1002.2,13,17,N,353.2,4.2,3,179.3,
2023-05-01T11:11:03.524,99.9,27.6,339,26210,1002.6,8,10,N,3.3,2.1,2,200.3,
2023-05-01T10:51:03.532,80,34.7,327,60200,1002.3,14,17,N,351.7,1.3,1,400.2,
2023-05-01T10:31:03.507,83.7,33.9,329,69370,1002.4,11,14,NNE,16,0.6,1,431.3,
2023-05-01T10:11:03.517,85.7,33.4,309,53680,1002.6,9,11,E,88.2,1.9,2,343.5,
2023-05-01T09:51:03.504,90.3,32.9,337,49740,1002.6,10,12,NE,53,1.2,1,322.6,
2023-05-01T09:31:03.484,99,31.4,311,31040,1002.8,12,15,NW,325.5,1.3,1,191.9,
2023-05-01T09:11:03.499,95.1,32.8,334,50780,1002.7,11,14,NNW,334.9,1,1,316.8,
2023-05-01T08:51:03.458,99.9,32.3,333,67690,1002.6,9,11,NNW,348.3,0.8,1,378,
2023-05-01T08:31:03.474,99.9,31,346,36410,1002.4,14,18,NNE,22.2,2.3,2,249.9,
2023-05-01T08:11:03.463,99.9,30.9,368,56040,1002.3,15,19,ESE,101.8,1.3,1,350.6,
2023-05-01T07:51:03.445,99.9,30.8,365,65830,1002.2,18,22,NNW,344.9,0.9,1,350.4,
2023-05-01T07:31:03.445,99.9,29.9,381,27650,1001.9,17,21,E,79.3,2,2,168.9,
2023-05-01T07:11:03.465,99.9,28.8,390,27050,1001.5,23,29,NW,324.9,1,1,157.1,
2023-05-01T06:51:03.446,99.9,28.4,426,16600,1001.4,25,33,N,354.6,0.8,1,108.6,
2023-05-01T06:31:03.476,99.9,27.9,410,11640,1001.3,30,38,NW,306.9,0.7,1,72.7,
2023-05-01T06:11:03.456,99.9,27.6,442,5170,1001,31,41,NE,48.9,0.6,1,31.9,
2023-05-01T05:51:03.466,99.9,27.3,464,610,1000.6,34,44,NW,323.5,0.4,1,0.2,
2023-05-01T05:31:03.466,99.9,27.1,461,0,1000.5,30,40,NNE,18.2,0.5,1,0,
2023-05-01T05:11:03.476,99.9,26.9,460,0,1000.3,28,35,N,9.1,0.5,1,0,
2023-05-01T04:51:03.476,99.9,27.1,439,0,1000.2,26,34,NE,45.8,0.9,1,0,
2023-05-01T04:31:03.458,99.9,27.5,428,0,1000.2,32,41,NE,48.1,0.4,1,0,
2023-05-01T04:11:03.476,99.9,27.7,400,0,999.8,43,53,NNW,333.2,0.5,1,0,
2023-05-01T03:51:03.476,99.9,27.7,396,0,999.8,35,46,NNW,338.1,1,1,0,
2023-05-01T03:31:03.476,99.9,27.9,408,0,999.7,25,31,N,7.6,0.7,1,0,
2023-05-01T03:11:03.486,99.9,28,408,0,999.9,30,37,NNW,339.6,1.1,1,0,
2023-05-01T02:51:03.456,99.9,28.2,403,0,999.9,28,37,NW,324.7,0.7,1,0,
2023-05-01T02:31:03.466,99.9,28.5,408,0,999.8,60,80,W,279.9,0.1,0,0,
2023-05-01T02:11:03.477,99.9,28.5,383,0,1000,34,43,NW,319.7,0.6,1,0,
2023-05-01T01:51:03.486,99.9,28.5,389,0,1000.1,28,37,N,0.2,0.9,1,0,
2023-05-01T01:31:03.471,99.9,28.7,383,0,1000.4,21,27,NNW,344.7,0.6,1,0,
2023-05-01T01:11:03.496,99.9,28.7,384,0,1000.6,19,25,NNW,341.1,0.5,1,0,
2023-05-01T00:51:03.489,99.9,28.7,380,0,1000.5,16,20,NW,314.8,0,0,0,
2023-05-01T00:31:03.496,99.9,28.8,364,0,1000.6,18,22,NNW,327.5,1.1,1,0,
2023-05-01T00:11:03.471,99.9,28.8,377,0,1000.9,18,23,NNW,340.6,0.9,1,0,
2023-04-30T23:51:03.487,99.9,29,365,0,1001.1,19,25,NW,303.8,0.7,1,0,
2023-04-30T23:31:03.471,99.9,29.2,354,0,1001.5,20,24,NW,322.2,0.9,1,0,
2023-04-30T23:11:03.491,99.9,29.2,364,0,1002,17,22,ESE,115.5,1.2,1,0,
2023-04-30T22:51:03.471,99.9,29.2,366,0,1001.7,17,21,W,262,1.4,1,0,
2023-04-30T22:31:03.471,99.9,29.3,360,0,1002.1,16,20,W,270,1.4,1,0,
2023-04-30T22:11:03.491,99.9,29.4,354,0,1002.3,14,18,NNW,347.9,1.2,1,0,
2023-04-30T21:51:03.471,99.9,29.3,367,0,1002.3,15,20,WSW,236.8,0.7,1,0,
2023-04-30T21:31:03.487,99.9,29.4,377,0,1002,14,18,WNW,290,1.2,1,0,
2023-04-30T21:11:03.495,99.9,29.5,357,0,1001.8,17,22,W,269.9,1.5,1,0,
2023-04-30T20:51:03.495,99.9,29.5,345,0,1001.7,18,22,W,266.9,2.3,2,0,
2023-04-30T20:31:03.496,99.9,29.6,347,0,1001.3,14,17,NNE,25.3,1,1,0,
2023-04-30T20:11:03.496,99.9,29.7,354,0,1001,15,19,N,353.3,0.9,1,0,
2023-04-30T19:51:03.487,99.9,29.8,332,0,1000.7,17,21,N,357.7,1.1,1,0,
2023-04-30T19:31:03.487,99.9,30,311,0,1000.5,20,25,NNE,25.1,1,1,0,
2023-04-30T19:11:03.477,99.9,30.2,315,0,1000.4,21,27,NW,304.2,2.6,2,0,
2023-04-30T18:51:03.477,99.9,30.5,293,0,999.9,23,28,NW,305.3,1.4,1,0,
2023-04-30T18:31:03.467,99.9,30.7,308,290,999.6,20,25,W,261.7,2.2,2,0,
2023-04-30T18:11:03.457,95.6,31.1,290,3190,999.4,18,23,NW,321.4,2.2,2,14.2,
2023-04-30T17:51:03.458,93.9,31.7,313,17560,998.9,20,26,SSE,156.4,1.8,2,77.5,
2023-04-30T17:31:03.451,89.8,32.4,289,33670,998.8,17,21,NW,314.4,2,2,136.2,
2023-04-30T17:11:03.456,88.1,32.4,311,45650,998.5,19,25,NW,312.3,4,3,187.7,
2023-04-30T16:51:03.461,83.6,32.5,300,31530,998.5,15,19,SW,215.2,1.8,2,171.6,
2023-04-30T16:31:03.447,81,32.8,289,31000,998.3,16,20,NW,309.1,2.4,2,179,
2023-04-30T16:11:03.426,78.5,33.4,324,70560,998.2,15,19,W,272.9,3.6,3,348.1,
2023-04-30T15:51:03.427,78.1,33.8,306,82060,998.1,17,22,NE,47.4,1.7,2,406,
2023-04-30T15:31:03.417,74.1,34.6,331,93070,998.4,14,18,WNW,296.3,3,2,483.5,
2023-04-30T15:11:03.377,73.6,35.1,333,98530,998.7,15,18,WNW,298.4,1.7,2,533.5,
2023-04-30T14:51:03.387,74,34.9,303,100740,998.9,13,17,N,354,1.7,2,569.5,
2023-04-30T14:31:03.364,74,35,272,111130,999.2,15,19,WNW,293.3,1.4,1,650.4,
2023-04-30T14:11:03.343,74.4,35.2,279,65570,999.4,15,19,NW,309.8,1.2,1,411,
2023-04-30T13:51:03.327,73.4,35.6,307,105000,999.7,17,22,NW,324.2,1.8,2,661.2,
2023-04-30T13:31:03.317,72.9,35.5,309,118480,1000.1,15,19,W,269.2,2.1,2,751.7,
2023-04-30T13:11:03.307,75.1,35.6,291,125200,1000.6,16,19,WNW,284.6,2.3,2,798.2,
2023-04-30T12:51:03.298,74.8,35.1,303,47970,1001.2,16,21,NNW,348.4,1.8,2,320,
2023-04-30T12:31:03.307,78.7,34.4,283,42230,1001.6,17,22,NNW,329.6,1.9,2,292.1,
2023-04-30T12:11:03.282,80.6,34,317,83810,1002,19,24,SW,234.8,0.6,1,703.9,
2023-04-30T11:51:03.253,82.5,34.3,288,129450,1002.1,16,20,NE,35.9,1,1,847.2,
2023-04-30T11:31:03.245,85.9,33.2,325,41330,1002.4,20,26,NNW,336.3,1.2,1,284.2,
2023-04-30T11:11:03.233,76.8,37.2,324,126050,1002.4,20,26,N,356.2,0.5,1,797.7,
2023-04-30T10:51:03.236,86.5,33.4,316,41420,1002.8,21,28,NNW,331.1,1.6,2,287,
2023-04-30T10:31:03.227,88.5,32.8,298,52770,1002.8,17,21,NW,312.6,1.1,1,354.7,
2023-04-30T10:11:03.207,88.2,33.8,350,53910,1003.1,20,25,NW,325.7,1.2,1,349.5,
2023-04-30T09:51:03.185,91.1,33.7,308,99250,1003.1,20,26,NW,313.8,1.2,1,618.7,
2023-04-30T09:31:03.167,99.9,32.3,327,100250,1003.3,25,31,SSE,151.1,1,1,540.5,
2023-04-30T09:11:03.177,97.3,33.4,306,97680,1003.3,18,22,WSW,252.1,0.5,1,569.1,
2023-04-30T08:51:03.167,99.9,32.5,328,96130,1003.3,21,27,ENE,60.7,0.8,1,550.3,
2023-04-30T08:31:03.153,99.9,32.1,351,75300,1003.4,28,36,NE,35.3,0.5,1,430.9,
2023-04-30T08:11:03.155,99.9,30.7,348,50020,1003.1,29,37,NNW,339.4,0.7,1,317.8,
2023-04-30T07:51:03.135,99.9,29.8,372,45190,1003.1,30,40,ENE,75,1.2,1,286.3,
2023-04-30T07:31:03.158,99.9,29.4,401,35370,1002.6,28,36,NW,312.9,1.1,1,218,
2023-04-30T07:11:03.147,99.9,28.6,420,32390,1002.5,41,52,NW,309.6,0.3,1,183.1,
2023-04-30T06:51:03.158,99.9,27.3,447,20600,1002.3,46,60,NNE,29.4,0.8,1,114.6,
2023-04-30T06:31:03.157,99.9,26.8,465,8580,1002.2,51,68,E,79.8,0,0,53.6,
2023-04-30T06:11:03.157,99.9,26.4,472,3550,1001.9,58,76,NNW,334.5,0.9,1,20.4,
2023-04-30T05:51:03.157,99.9,26.4,482,390,1001.6,72,91,N,357.5,0.4,1,0,
2023-04-30T05:31:03.157,99.9,26.4,469,0,1001.5,40,50,W,276.5,0,0,0,
2023-04-30T05:11:03.168,99.9,26.3,474,0,1001.3,41,52,NW,323.9,0,0,0,
2023-04-30T04:51:03.147,99.9,26.4,475,0,1001.2,39,48,NNW,327.3,0,0,0,
2023-04-30T04:31:03.167,99.9,26.4,461,0,1001,37,48,N,355.5,0,0,0,
2023-04-30T04:11:03.157,99.9,26.4,474,0,1001,36,47,NE,49.9,0.5,1,0,
2023-04-30T03:51:03.177,99.9,26.2,485,0,1000.8,37,46,ESE,113.3,0,0,0,
2023-04-30T03:31:03.167,99.9,26.2,485,0,1000.6,35,43,NNW,344.9,0.4,1,0,
2023-04-30T03:11:03.177,99.9,26.3,455,0,1000.6,40,50,NE,45.2,0,0,0,
2023-04-30T02:51:03.177,99.9,26.7,436,0,1000.8,47,62,N,352.8,0,0,0,
2023-04-30T02:31:03.157,99.9,26.7,443,0,1000.7,55,72,NW,313.2,0.1,0,0,
2023-04-30T02:11:03.187,99.9,26.6,451,0,1001,56,72,ENE,74.1,1.1,1,0,
2023-04-30T01:51:03.171,99.9,26.7,429,0,1001.4,55,69,NE,45.2,0.6,1,0,
2023-04-30T01:31:03.172,99.9,27,426,0,1001.5,49,62,N,354.4,0.6,1,0,
2023-04-30T01:11:03.182,99.9,27.1,403,0,1001.7,48,60,NNW,342.2,0.2,0,0,
2023-04-30T00:51:03.182,99.9,27.4,385,0,1002,38,47,E,96.7,0.6,1,0,
2023-04-30T00:31:03.186,99.9,27.7,370,0,1002.3,35,46,NW,305.8,0,0,0,
2023-04-30T00:11:03.186,99.9,27.9,357,0,1002.4,38,50,N,6.4,1,1,0,
2023-04-29T23:51:03.186,99.9,28.2,345,0,1002.6,23,29,WNW,303.7,0,0,0,
2023-04-29T23:31:03.191,99.9,28.3,354,0,1002.7,32,40,NNE,26.5,0,0,0,
2023-04-29T23:11:03.183,99.9,28.3,364,0,1002.9,34,43,WNW,285.2,0.1,0,0,
2023-04-29T22:51:03.181,99.9,28.4,350,0,1003.1,31,38,WNW,284.5,0,0,0,
2023-04-29T22:31:03.183,99.9,28.5,370,0,1003.4,27,35,NNW,329,0.7,1,0,
2023-04-29T22:11:03.171,99.9,28.5,342,0,1003.7,33,42,WNW,290.5,1.7,2,0,
2023-04-29T21:51:03.181,99.9,28.6,348,0,1003.9,25,32,WNW,282.9,0.6,1,0,
2023-04-29T21:31:03.172,99.9,28.9,343,0,1004,21,26,N,356.4,1,1,0,
2023-04-29T21:11:03.187,99.9,28.9,336,0,1003.7,27,36,WNW,296.7,1,1,0,
2023-04-29T20:51:03.198,99.9,29.1,340,0,1003.7,27,35,W,265.1,1.9,2,0,
2023-04-29T20:31:03.181,99.9,29.2,335,0,1003.4,32,40,WSW,244.5,1.2,1,0,
2023-04-29T20:11:03.186,99.9,29.4,344,0,1003.1,29,36,NNW,339.6,1.1,1,0,
2023-04-29T19:51:03.186,99.9,29.6,344,0,1002.9,42,54,NNW,331.3,1.5,1,0,
2023-04-29T19:31:03.186,99.9,29.8,318,0,1002.5,37,48,WNW,300,1.8,2,0,
2023-04-29T19:11:03.186,99.9,30.1,324,0,1002.2,31,41,NW,307.4,1.1,1,0,
2023-04-29T18:51:03.193,99.9,30.2,302,0,1001.7,31,41,NW,308.4,0,0,0,
2023-04-29T18:31:03.201,99.9,30.3,303,110,1001.2,28,35,NW,312.6,1.8,2,0,
2023-04-29T18:11:03.194,99.9,30.4,307,2290,1000.6,32,42,S,183.8,1.6,2,9.7,
2023-04-29T17:51:03.189,99.9,30.9,289,11440,1000.4,27,35,WNW,295,1.6,2,55.3,
2023-04-29T17:31:03.186,99.9,31,295,19280,1000.4,28,35,SW,232.6,1.6,2,99.3,
2023-04-29T17:11:03.176,99.9,31.1,297,23930,1000.6,26,33,NW,319.5,3.4,3,144.9,
2023-04-29T16:51:03.161,99.9,31.4,298,38680,1000.7,27,33,WNW,291.5,2,2,237.1,
2023-04-29T15:51:03.161,99.9,31.4,309,18960,1000.9,28,37,W,280.1,1.2,1,135.6,
2023-04-29T15:31:03.143,99.9,31.5,289,21220,1001,26,33,WNW,288.2,1.5,1,157.1,
2023-04-29T15:11:03.144,99.9,31.7,299,23250,1001.6,23,30,N,350.8,2.2,2,170,
2023-04-29T14:51:03.141,95.7,32.5,288,30480,1001.7,30,38,SW,215.4,1.7,2,235.8,
2023-04-29T14:31:03.126,91.2,32.6,380,35840,1001.4,21,27,WNW,285,1.6,2,274.8,
2023-04-29T14:11:03.116,85.1,32.9,319,37890,1001.8,21,27,SW,220.4,1,1,292.8,
2023-04-29T13:51:03.104,79,32.9,284,27720,1002,20,26,SSE,151.5,0.7,1,203.2,
2023-04-29T13:31:03.100,81,33.2,303,34460,1002.6,24,31,E,85.4,1.2,1,272,
2023-04-29T13:11:03.090,82.5,33.1,288,49600,1002.4,22,29,WNW,281.7,0.8,1,359.3,
2023-04-29T12:51:03.080,83.8,33.1,283,53520,1002.7,22,28,NNE,13.7,0.7,1,392.7,
2023-04-29T12:31:03.081,91.8,33.4,293,96990,1003.2,27,35,ENE,62.7,1.1,1,640.6,
2023-04-29T12:11:03.070,99.9,30.7,312,42550,1003.6,26,32,N,10.3,1.3,1,312.1,
2023-04-29T11:51:03.040,88.7,33.3,321,35820,1003.7,25,31,WNW,291.4,2,2,281.9,
2023-04-29T11:31:03.050,82.3,35.1,304,122580,1003.9,30,40,SW,223,3.4,3,787.4,
2023-04-29T11:11:03.030,88,34.3,308,117350,1004.1,30,37,W,270.1,0.9,1,755.7,
2023-04-29T10:51:02.999,81.6,36,327,113780,1004,31,38,ESE,120.6,0.7,1,725.9,
2023-04-29T10:31:02.999,89.1,34,360,107250,1004.3,33,42,WSW,237.8,0.6,1,680.6,
2023-04-29T10:11:02.991,88.3,34.1,327,103010,1004.2,32,41,NW,323.9,0.6,1,656.2,
2023-04-29T09:51:02.979,88.5,34.3,325,100940,1004.5,27,35,SW,228.9,1,1,628.4,
2023-04-29T09:31:02.965,89.5,34.7,338,97730,1004.6,24,31,WNW,296.3,0.4,1,590.5,
2023-04-29T09:11:02.951,92.7,34.7,340,91780,1004.9,27,33,ENE,78.2,0.5,1,537.7,
2023-04-29T08:51:02.937,99.9,33.7,341,89770,1004.7,31,41,SW,225.8,0.4,1,516.4,
2023-04-29T08:31:02.924,99.9,31.9,343,63270,1004.5,41,53,WSW,256.6,0.7,1,387.1,
2023-04-29T08:11:02.914,99.9,32.8,362,70970,1004.3,31,40,W,277.9,0.7,1,395.2,
2023-04-29T07:51:02.903,99.9,33.3,380,55040,1004.1,34,43,NW,313.7,0.5,1,316.9,
2023-04-29T07:31:02.903,99.9,31.1,376,48360,1003.8,36,48,E,90.2,0.9,1,279.1,
2023-04-29T07:11:02.903,99.9,30.2,412,29580,1003.8,49,64,NE,50.3,0,0,161.5,
2023-04-29T06:51:02.903,99.9,29.6,453,26800,1003.3,51,68,NW,306.6,0,0,134.5,
2023-04-29T06:31:02.903,99.9,27.3,523,8110,1003.1,66,84,NE,35,0,0,46.6,
2023-04-29T06:11:02.903,99.9,26.9,535,4090,1002.9,60,76,ENE,68.1,0,0,22.6,
2023-04-29T05:51:02.901,99.9,26.7,510,600,1002.7,47,62,ENE,64.1,0,0,0.2,
2023-04-29T05:31:02.913,99.9,26.9,509,0,1002.6,42,53,N,352.2,0,0,0,
2023-04-29T05:11:02.923,99.9,26.8,559,0,1002.5,48,61,ESE,109.9,0.6,1,0,
2023-04-29T04:51:02.924,99.9,26.9,524,0,1002.2,50,65,E,87.7,0,0,0,
2023-04-29T04:31:02.924,99.9,26.9,521,0,1002.2,51,64,E,95.1,0.6,1,0,
2023-04-29T04:11:02.923,99.9,27,509,0,1002,53,69,E,97.2,0.9,1,0,
2023-04-29T03:51:02.923,99.9,26.9,475,0,1002,54,69,ENE,69.7,0.4,1,0,
2023-04-29T03:31:02.901,99.9,27.3,458,0,1002.1,50,64,N,351.3,0,0,0,
2023-04-29T03:11:02.924,99.9,27.2,450,0,1002.1,49,63,ENE,73.5,0.7,1,0,
2023-04-29T02:51:02.924,99.9,27.3,440,0,1002.1,51,64,NE,47.6,0.8,1,0,
2023-04-29T02:31:02.924,99.9,27.8,390,0,1002.1,55,68,E,83,1.1,1,0,
2023-04-29T02:11:02.925,99.9,28.4,378,0,1002.2,32,41,NNW,330.8,0,0,0,
2023-04-29T01:51:02.916,99.9,28.7,389,0,1002,31,40,WNW,297.1,0.3,1,0,
2023-04-29T01:31:02.926,99.9,28.7,410,0,1002.3,33,43,NW,322.5,0.4,1,0,
2023-04-29T01:11:02.912,99.9,29,379,0,1002.4,33,42,WNW,292.1,1.3,1,0,
2023-04-29T00:51:02.912,99.9,29,388,0,1002.8,31,39,N,5,1.1,1,0,
2023-04-29T00:31:02.927,99.9,29.1,390,0,1003.1,34,42,NNW,329.3,0.4,1,0,
2023-04-29T00:11:02.933,99.9,29.2,369,0,1003.4,31,39,WNW,283.3,1.1,1,0,
2023-04-28T23:51:02.928,99.9,29.2,375,0,1003.5,31,39,NNW,341.3,1.1,1,0,
2023-04-28T23:31:02.923,99.9,29.2,385,0,1003.6,31,39,WNW,300.1,0.8,1,0,
2023-04-28T23:11:02.913,99.9,29.2,372,0,1003.7,26,32,N,353.6,0.7,1,0,
2023-04-28T22:51:02.923,99.9,29.3,365,0,1003.9,30,38,WNW,297.6,1,1,0,
2023-04-28T22:31:02.936,99.9,29.4,359,0,1004.1,22,27,NW,324.6,1.4,1,0,
2023-04-28T22:11:02.927,99.9,29.5,353,0,1004,31,39,NNW,334,1.4,1,0,
2023-04-28T21:51:02.912,99.9,29.5,362,0,1003.9,33,42,NW,313.1,1.1,1,0,
2023-04-28T21:31:02.927,99.9,29.5,361,0,1003.7,33,44,WSW,244.1,1.5,1,0,
2023-04-28T21:11:02.944,99.9,29.5,356,0,1003.6,34,43,NW,313.4,1.2,1,0,
2023-04-28T20:51:02.940,99.9,29.6,364,0,1003.3,31,38,NNE,29.9,1.1,1,0,
2023-04-28T20:31:02.927,99.9,29.7,346,0,1003,27,36,W,277.9,0.8,1,0,
2023-04-28T20:11:02.911,99.9,29.7,340,0,1002.8,29,37,NW,315.6,1.8,2,0,
2023-04-28T19:51:02.914,99.9,29.9,336,0,1002.6,28,35,NW,306.7,1.4,1,0,
2023-04-28T19:31:02.934,99.9,30,329,0,1002.4,33,43,ENE,62.6,0.5,1,0,
2023-04-28T19:11:02.936,99.9,30.1,314,0,1002.1,31,39,NNW,343.1,1.5,1,0,
2023-04-28T18:51:02.921,99.9,30.3,326,0,1001.7,25,31,N,352.1,1.3,1,0,
2023-04-28T18:31:02.921,99.9,30.4,327,230,1001.1,28,36,WNW,298.9,1.9,2,0,
2023-04-28T18:11:02.922,99.9,30.7,316,3230,1001,28,36,W,273.2,3.6,3,14.7,
2023-04-28T17:51:02.918,99.5,31.5,312,15720,1000.8,28,35,NNW,344,2.2,2,79.7,
2023-04-28T17:31:02.921,95.4,31.9,311,31650,1000.5,26,34,WNW,302.6,1.4,1,148.9,
2023-04-28T17:11:02.889,94.3,31.8,302,16130,1000.5,22,28,W,278.8,2.6,2,89.2,
2023-04-28T16:51:02.881,92.7,32.1,321,9690,1000.6,39,51,NNW,327.8,1.6,2,58.6,
2023-04-28T16:31:02.903,88.5,32.6,328,18100,1000.4,24,31,NW,317.9,1.1,1,136.7,
2023-04-28T16:11:02.887,86.3,32.8,336,22020,1000.5,25,32,WNW,288.4,1.7,2,141,
2023-04-28T15:51:02.867,84.5,33.7,315,58130,1000.6,19,24,W,267.7,2.1,2,353.3,
2023-04-28T15:31:02.857,82.7,34.2,295,85420,1000.5,20,26,NNW,331.2,2.3,2,458.2,
2023-04-28T15:11:02.853,83.1,34.3,323,89550,1000.6,21,26,W,270.1,2,2,488.4,
2023-04-28T14:51:02.817,84.2,34.6,302,97340,1001,32,42,NW,310.9,2.6,2,547.5,
2023-04-28T14:31:02.800,82.4,35,319,95250,1001.4,24,30,NNW,331.4,1.8,2,564.3,
2023-04-28T14:11:02.766,82.2,35,298,107710,1001.6,30,37,WSW,242,2,2,641.2,
2023-04-28T13:51:02.745,80.2,35.5,347,116310,1001.8,24,31,NW,323.2,1.6,2,709.6,
2023-04-28T13:31:02.706,72.9,37.2,332,42080,1002.4,24,31,WNW,299.6,1.9,2,287.8,
2023-04-28T13:11:02.674,75.2,36.4,360,124940,1002.3,21,27,W,277.8,3.1,2,787.4,
2023-04-28T12:51:02.665,75.7,35.2,367,115490,1002.8,18,22,W,271.4,2.4,2,765.8,
2023-04-28T12:31:02.633,77,36.2,288,119140,1003.1,23,30,WNW,298.5,1.6,2,782.3,
2023-04-28T12:11:02.604,78.4,34.9,303,50650,1003.8,28,34,NW,314.3,0.7,1,341.4,
2023-04-28T11:51:02.584,79.4,34.9,343,53010,1004.1,26,33,E,87.9,1.4,1,371.1,
2023-04-28T11:31:02.548,80.1,35,314,112110,1004,29,37,SSW,212.2,0.8,1,748.1,
2023-04-28T11:11:02.535,79.4,35.3,302,117240,1004.3,25,32,WNW,283.5,1.6,2,774.9,
2023-04-28T10:51:02.506,84.1,34.3,300,48150,1004.6,33,42,WSW,248.5,1.1,1,339.1,
2023-04-28T10:31:02.480,84.7,35.3,314,113420,1004.8,35,43,N,4.9,0.5,1,733.5,
2023-04-28T10:11:02.468,86.8,34,341,101890,1004.9,40,52,NW,319.7,1.3,1,663.7,
2023-04-28T09:51:02.433,94,33.2,307,88330,1005.1,43,53,NW,324.1,1.2,1,582.6,
2023-04-28T09:31:02.413,94.3,33.9,299,97130,1005.4,36,47,WNW,289.1,1.5,1,595.3,
2023-04-28T09:11:02.404,98.1,32.9,289,83710,1005.6,32,41,WSW,252.4,0.7,1,508.3,
2023-04-28T08:51:02.386,99.9,32.5,326,57200,1005.6,33,41,NW,318.8,1.7,2,388.7,
2023-04-28T08:31:02.358,99.9,33.4,358,69560,1005.3,55,69,N,353.2,0.5,1,406.4,
2023-04-28T08:11:02.345,99.9,32.3,338,43780,1005.4,56,74,NW,310.3,0.2,0,292,
2023-04-28T07:51:02.338,99.9,32.2,366,46990,1005,64,81,WNW,303,0.4,1,295.3,
2023-04-28T07:31:02.315,99.9,30.9,366,40040,1004.6,64,83,NNW,338.2,0.5,1,247.8,
2023-04-28T07:11:02.305,99.9,29.8,386,22070,1004.6,70,93,NNW,339.7,0,0,140.8,
2023-04-28T06:51:02.305,99.9,29.5,419,29550,1004.4,66,84,NNW,341.3,0,0,170.5,
2023-04-28T06:31:02.300,99.9,27.8,465,12840,1004.2,74,94,ENE,69.8,0,0,81.5,
2023-04-28T06:11:02.295,99.9,27.2,462,3740,1004.1,79,104,ENE,58.7,0.7,1,21.8,
2023-04-28T05:51:02.295,99.9,26.9,447,430,1004,85,105,E,93.2,0.5,1,0,
2023-04-28T05:31:02.279,99.9,26.9,484,0,1003.5,84,109,E,95,0,0,0,
2023-04-28T05:11:02.295,99.9,27,500,0,1003.2,122,155,E,84.3,0.7,1,0,
2023-04-28T04:51:02.291,99.9,27,469,0,1002.9,81,101,E,89.9,0.7,1,0,
2023-04-28T04:31:02.290,99.9,27.1,450,0,1002.9,78,104,ENE,70.3,0.4,1,0,
2023-04-28T04:11:02.294,99.9,27,468,0,1003,79,100,ESE,107.5,0.6,1,0,
2023-04-28T03:51:02.282,99.9,27.2,454,0,1003,91,122,ENE,60.3,0.6,1,0,
2023-04-28T03:31:02.285,99.9,27.2,442,0,1003,92,123,ENE,78.5,0.5,1,0,
2023-04-28T03:11:02.275,99.9,27.4,448,0,1002.9,73,95,ENE,67.5,0.1,0,0,
2023-04-28T02:51:02.273,99.9,27.8,427,0,1002.8,68,85,ENE,75.9,0,0,0,
2023-04-28T02:31:02.265,99.9,27.6,416,0,1003.2,66,87,E,90.9,0,0,0,
2023-04-28T01:51:02.255,99.9,28,407,0,1003.3,66,87,NNW,337.1,0,0,0,
2023-04-28T01:31:02.240,99.9,28,396,0,1003.3,59,73,W,259.9,0,0,0,
2023-04-28T01:11:02.224,99.9,28.5,378,0,1003.5,67,87,N,351.5,0,0,0,
2023-04-28T00:51:02.228,99.9,28.6,368,0,1003.7,66,87,N,357,0,0,0,
2023-04-28T00:31:02.215,99.9,28.9,344,0,1003.9,66,85,NNW,341,0.4,1,0,
2023-04-28T00:11:02.230,99.9,29,361,0,1004.1,63,81,W,280.1,0,0,0,
2023-04-27T23:51:02.225,99.9,29.1,362,0,1004.2,61,77,W,272.4,0.7,1,0,
2023-04-27T23:31:02.215,99.9,29.1,365,0,1004.4,57,74,NW,318.6,0.4,1,0,
2023-04-27T23:11:02.183,99.9,29.2,367,0,1004.6,59,78,NW,309.2,1,1,0,
2023-04-27T22:51:02.202,99.9,29.2,359,0,1004.5,57,76,NNW,332,1.3,1,0,
2023-04-27T22:31:02.202,99.9,29.2,361,0,1004.5,54,68,NW,306.3,1.5,1,0,
2023-04-27T22:11:02.188,99.9,29.3,352,0,1004.5,59,78,N,0.2,0.8,1,0,
2023-04-27T21:51:02.188,99.9,29.3,347,0,1004.5,59,78,NNE,24.7,1,1,0,
2023-04-27T21:31:02.176,99.9,29.4,350,0,1004.2,56,71,NW,318.9,2.1,2,0,
2023-04-27T21:11:02.157,99.9,29.5,320,0,1004.1,53,69,NNW,333.7,1.4,1,0,
2023-04-27T20:51:02.157,99.9,29.6,323,0,1003.9,54,67,NW,326,1.8,2,0,
2023-04-27T20:31:02.162,99.9,29.7,316,0,1003.5,57,76,NW,320,1,1,0,
2023-04-27T20:11:02.136,99.9,29.8,300,0,1003.3,48,62,NNE,24.3,1.2,1,0,
2023-04-27T19:51:02.139,99.9,29.9,303,0,1003.4,54,69,N,11.2,1.3,1,0,
2023-04-27T19:31:02.116,99.9,30,292,0,1003,55,71,WNW,297.2,1,1,0,
2023-04-27T19:11:02.117,99.9,30.1,304,0,1002.7,56,70,NW,305.6,1.5,1,0,
2023-04-27T18:51:02.120,99.9,30.3,315,0,1002.3,59,74,WNW,301.9,1.7,2,0,
2023-04-27T18:31:02.116,99.9,30.5,299,250,1002.1,59,74,WNW,302.1,1.8,2,0,
2023-04-27T18:11:02.077,99.9,30.8,311,2860,1001.9,64,84,WNW,282.8,0.7,1,13.3,
2023-04-27T17:51:02.077,99.9,31.2,282,6250,1001.5,55,71,WNW,293.3,1.2,1,26.4,
2023-04-27T17:31:02.077,99.9,31.9,282,16020,1001.2,55,70,WNW,297.4,1.3,1,66.8,
2023-04-27T17:11:02.032,99.9,32,288,39230,1000.9,54,68,WNW,303.4,3.6,3,172.2,
2023-04-27T16:51:02.032,96.7,32.1,286,29730,1000.8,48,60,WNW,298.4,3.2,2,155.8,
2023-04-27T16:31:02.013,88.8,32.6,323,55400,1001,46,61,W,261.6,2,2,295.3,
2023-04-27T16:11:01.991,87.5,33.2,294,45460,1001.2,46,61,NW,307.2,2.1,2,281.1,
2023-04-27T15:51:01.975,85.3,33.6,297,96820,1001,44,57,W,278.5,2.3,2,476.5,
2023-04-27T15:31:01.959,84.6,33.2,320,58310,1001.4,50,65,W,268.6,4.2,3,347.7,
2023-04-27T15:11:01.915,80.9,33.4,284,58440,1001.5,46,58,N,353.8,2,2,360.3,
2023-04-27T14:51:01.909,80.6,33.7,305,73930,1001.6,45,58,NW,318.1,1.7,2,442.1,
2023-04-27T14:31:01.878,76.3,35.1,301,99810,1001.7,46,61,WNW,294.3,2,2,553.8,
2023-04-27T14:11:01.894,74.5,35.2,299,113980,1001.9,50,66,WSW,253,2.7,2,649.6,
2023-04-27T13:51:01.863,74.3,34.9,288,104450,1001.8,50,63,NNW,344.9,3.1,2,619.7,
2023-04-27T13:31:01.849,70.7,36.2,310,103250,1002.3,48,63,NNE,28.6,1.1,1,638.7,
2023-04-27T13:11:01.858,70.4,35.7,358,98170,1002.5,46,59,NW,313,1.5,1,615,
2023-04-27T12:51:01.848,73.5,35,299,108400,1002.8,50,65,SSE,167.8,0.8,1,683.9,
2023-04-27T12:31:01.839,73.4,34.4,298,71090,1003.3,52,69,WSW,253,1.7,2,471.4,
2023-04-27T12:11:01.805,72.3,36,295,102860,1003.4,55,73,W,281,1.2,1,662.8,
2023-04-27T11:51:01.828,74.7,34.6,287,112880,1003.7,49,62,WNW,295.6,1.3,1,731.3,
2023-04-26T18:31:01.785,91.4,30.7,271,80,1001.3,64,86,SW,224.7,0.8,1,0,
2023-04-26T18:11:01.795,89.2,31,268,1480,1000.6,60,76,WNW,299.6,1.2,1,4.9,
2023-04-26T17:31:01.797,83.9,32.1,278,10500,999.8,57,75,E,84,1.6,2,48.5,
2023-04-26T17:11:01.785,81.9,32.8,282,23340,999.6,75,99,E,98,1.5,1,110.4,
2023-04-26T16:51:01.783,80.9,33.3,307,35370,999.6,58,72,ENE,62.9,2.1,2,177.6,
2023-04-26T16:31:01.755,79,34.1,301,47820,999.8,61,77,SSE,158.7,1.1,1,254,
2023-04-26T16:11:01.766,78.4,34.8,286,61290,999.7,62,80,NE,53,0.8,1,301.4,
2023-04-26T15:51:01.757,78,35.2,287,70130,999.8,65,84,ESE,118.3,0.7,1,366.9,
2023-04-26T15:31:01.742,78.7,35.4,352,76240,1000.1,68,87,WSW,249.6,0.9,1,405.1,
2023-04-26T15:11:01.745,79.9,35,275,77160,1000.4,74,92,ENE,56.4,0.7,1,447.3,
2023-04-26T14:51:01.724,85.9,33.5,288,47350,1000.5,69,89,WSW,256.4,1.1,1,306.3,
2023-04-26T14:31:01.715,81,34,303,41740,1000.9,68,86,E,85.7,0.7,1,271.8,
2023-04-26T14:11:01.706,76.5,36,305,108170,1000.9,65,83,SE,123.8,1.5,1,615.1,
2023-04-26T13:51:01.714,84.1,33.8,311,42960,1001.3,70,92,S,175.7,1.7,2,283.7,
2023-04-26T13:31:01.696,80.8,34.9,322,107480,1001.8,60,79,NW,322.5,1.3,1,659.8,
2023-04-26T13:11:01.665,76.3,35.9,323,45220,1002.3,75,100,E,86,0.2,0,302.8,
2023-04-26T12:51:01.680,75,35.8,310,98160,1002.7,64,80,NW,319.7,0.6,1,617.1,
2023-04-26T12:31:01.687,80.9,34,291,77650,1003.1,62,79,N,351,0.5,1,427.6,
2023-04-26T12:11:01.654,82.7,33.7,314,36380,1003.3,75,94,ESE,112.3,0.8,1,254,
2023-04-26T11:51:01.655,80.1,33.9,337,60950,1003.4,70,89,SE,128.2,1.9,2,394.5,
2023-04-26T11:31:01.643,75,36.5,316,107160,1003.6,62,80,NNW,344.7,0.8,1,674.9,
2023-04-26T11:11:01.624,76.6,36.1,314,65160,1004.1,59,76,SSE,160.5,0.4,1,413.9,
2023-04-26T10:51:01.635,82.4,34,295,51640,1004.2,62,77,ESE,105.9,0.1,0,340.9,
2023-04-26T10:31:01.620,84.1,34.7,306,93620,1004.1,64,79,WNW,301.3,0.1,0,598.4,
2023-04-26T10:11:01.606,90.5,33.8,305,56720,1004.7,71,91,NNW,348.5,0.5,1,366.9,
2023-04-26T09:51:01.592,96.4,32.8,301,84080,1004.8,59,74,NE,53.9,0.8,1,519.1,
2023-04-26T09:31:01.591,84.9,33.8,335,87910,1004.8,43,57,S,186.8,0.5,1,533,
2023-04-26T09:11:01.577,97.2,32.6,306,62850,1004.9,54,71,ENE,69.1,0,0,391.4,
2023-04-26T08:51:01.585,94.5,33.2,308,76350,1005,42,55,ESE,105.7,1.4,1,453.2,
2023-04-26T08:31:01.575,99.9,32.5,343,66030,1004.9,42,55,SE,142.5,0.2,0,392.4,
2023-04-26T08:11:01.583,99.9,31.1,371,62450,1004.9,77,97,ESE,110.4,0.7,1,370,
2023-04-26T07:51:01.572,99.9,30.2,412,49440,1004.7,134,173,SSE,151.2,1.3,1,304.5,
2023-04-26T07:31:01.572,99.9,29.8,457,38770,1004.3,150,197,ESE,117.3,1.6,2,245,
2023-04-26T07:11:01.574,99.9,28.9,526,29450,1003.9,195,251,NNE,14.2,0.6,1,174.7,
2023-04-26T06:51:01.572,99.9,27.6,609,17610,1003.8,210,276,E,82.4,0.9,1,108.6,
2023-04-26T06:31:01.575,99.9,27.2,669,9250,1003.8,207,274,E,94.4,0.2,0,57,
2023-04-26T06:11:01.584,99.9,26.7,699,3490,1003.7,195,249,SE,142.9,0,0,19.8,
2023-04-26T05:51:01.583,99.9,26.6,707,410,1003.2,158,200,ENE,56.8,0.4,1,0,
2023-04-26T05:31:01.594,99.9,26.5,706,0,1003.2,153,195,SSE,163.3,0,0,0,
2023-04-26T05:11:01.604,99.9,26.7,665,0,1003.1,149,197,ESE,101.9,1.1,1,0,
2023-04-26T04:51:01.604,99.9,26.8,616,0,1002.7,200,250,E,92.2,1,1,0,
2023-04-26T04:31:01.595,99.9,26.6,635,0,1002.4,154,199,SE,126.5,0,0,0,
2023-04-26T04:11:01.604,99.9,26.7,603,0,1001.9,111,143,ENE,66,0.6,1,0,
2023-04-26T03:51:01.615,99.9,27,593,0,1001.7,123,163,N,353.7,0,0,0,
2023-04-26T03:31:01.594,99.9,27.1,601,0,1001.9,115,148,ESE,111.4,0.9,1,0,
2023-04-26T03:11:01.615,99.9,27.3,564,0,1002,97,125,ENE,63.8,0.7,1,0,
2023-04-26T02:51:01.605,99.9,27.4,543,0,1002.1,111,138,SE,130.6,1.1,1,0,
2023-04-26T02:31:01.627,99.9,27.6,441,0,1002.4,99,125,ENE,76.5,0,0,0,
2023-04-26T02:11:01.627,99.9,27.8,391,0,1002.4,90,117,ENE,63,0,0,0,
2023-04-26T01:51:01.635,99.9,27.9,393,0,1002.4,57,73,S,188.6,0,0,0,
2023-04-26T01:31:01.623,99.9,28.1,410,0,1002.5,50,63,ESE,120,0,0,0,
2023-04-26T01:11:01.611,99.9,28.4,410,0,1002.1,50,66,W,271.2,0.2,0,0,
2023-04-26T00:51:01.634,99.9,28.5,411,0,1002.2,50,63,NNW,342.1,0,0,0,
2023-04-26T00:31:01.614,99.9,28.5,419,0,1002.3,50,65,WNW,290.7,0.6,1,0,
2023-04-26T00:11:01.633,99.9,28.5,412,0,1002.7,49,61,NW,316,0,0,0,
2023-04-25T23:51:01.643,99.9,28.6,418,0,1002.9,51,66,NW,324.7,0.7,1,0,
2023-04-25T23:31:01.634,99.9,28.5,408,0,1003.1,45,57,WNW,298.6,0,0,0,
2023-04-25T23:11:01.643,99.9,28.5,410,0,1003.6,45,57,NW,313.9,0.3,1,0,
2023-04-25T22:51:01.653,99.9,28.5,401,0,1004,54,69,NW,309.1,0.7,1,0,
2023-04-25T22:31:01.648,99.9,28.6,406,0,1004,52,66,NNW,327.1,0.7,1,0,
2023-04-25T21:51:01.644,99.9,28.8,399,0,1004.2,41,55,NNW,339.1,0.5,1,0,
2023-04-25T21:31:01.651,99.9,28.8,383,0,1004,43,55,WNW,301.3,1.5,1,0,
2023-04-25T20:31:01.653,99.9,29.2,373,0,1003.3,34,45,W,278.5,1.1,1,0,
2023-04-25T20:11:01.643,99.9,29.3,354,0,1002.8,38,49,N,355,2,2,0,
2023-04-25T19:51:01.654,99.9,29.4,336,0,1002.8,35,46,NNE,19.2,0.9,1,0,
2023-04-25T19:31:01.653,99.9,29.5,312,0,1002.7,35,45,WNW,298,1.6,2,0,
2023-04-25T19:11:01.653,99.9,29.6,323,0,1002.6,32,42,NNE,18.1,1.1,1,0,
2023-04-25T18:51:01.664,99.9,29.8,340,0,1002.1,34,44,NW,324.6,1.1,1,0,
2023-04-25T18:11:01.655,99.9,30.3,300,2500,1000.9,32,40,NW,306.6,2,2,11.4,
2023-04-25T17:51:01.665,99.9,31.1,293,10860,1000.3,33,43,NW,319.1,1.5,1,53.6,
2023-04-25T17:31:01.656,99.9,31.6,301,22440,1000,33,43,WNW,282.1,2,2,98.5,
2023-04-25T17:11:01.665,99.9,31.7,291,30940,999.9,35,46,W,279.6,2,2,138,
2023-04-25T16:31:01.645,99.9,32.3,293,57520,1000.1,28,35,NNW,334.6,5,3,285.8,
2023-04-25T16:11:01.645,99.9,32.2,288,65320,1000.2,32,40,WNW,301.4,1.6,2,285.1,
2023-04-25T15:31:01.643,99.9,32.3,297,61200,1000.7,28,36,W,264.7,2.3,2,351.4,
2023-04-25T15:11:01.616,99.9,32.1,290,30210,1001.3,28,37,NW,308.7,0.9,1,223.2,
2023-04-25T14:51:01.637,99.9,32.6,291,22230,1001.5,34,43,W,275.8,0.8,1,159.9,
2023-04-25T13:51:01.616,95.6,33.4,275,32660,1002.1,23,28,NNW,326.8,1.7,2,243.7,
2023-04-25T13:31:01.617,99,33.3,293,60360,1002.3,21,27,ESE,111.9,1.3,1,379,
2023-04-25T13:11:01.615,93.7,33.6,274,67560,1002.8,18,23,SSE,163.1,1.1,1,488.9,
2023-04-25T12:51:01.594,94.4,33.6,293,57690,1003,21,27,NW,311.4,2,2,370.2,
2023-04-25T12:31:01.584,93.3,34,304,107680,1003.2,21,27,SSW,210.2,3.4,3,668.3,
2023-04-25T12:11:01.583,92.8,34,313,87820,1003.6,22,27,N,6.6,1.6,2,553.2,
2023-04-25T11:11:01.564,99.9,33.2,309,116380,1004.4,22,29,NW,319.7,1.1,1,761.8,
2023-04-25T10:51:01.564,99.9,32.3,305,80500,1004.6,22,27,NE,47.3,0.8,1,465.7,
2023-04-25T10:31:01.553,99.9,31.9,309,108030,1004.5,22,28,N,4.9,0.5,1,693,
2023-04-25T09:51:01.555,99.9,31.6,300,38490,1005,23,30,W,276.9,1.6,2,263.9,
2023-04-25T09:31:01.535,99.9,32,316,51590,1004.8,21,27,WNW,289.6,1.1,1,368.4,
2023-04-25T08:51:01.555,99.9,31.7,347,66440,1004.7,24,31,ENE,75,0.7,1,402.9,
2023-04-25T08:31:01.550,99.9,33.5,351,84740,1004.6,21,27,NE,55.4,0,0,495.2,
2023-04-25T08:11:01.540,99.9,32.6,395,38030,1004.6,25,31,NW,310.1,0,0,254,
2023-04-25T07:51:01.551,99.9,29,396,19770,1004.4,25,32,SSW,195.5,0.1,0,135.6,
2023-04-25T07:31:01.521,99.9,28.5,432,15290,1004,27,33,SSE,156,0.5,1,97.4,
2023-04-25T07:11:01.531,99.9,28.4,441,22180,1003.9,32,40,ENE,77.5,0,0,152,
2023-04-25T06:51:01.551,99.9,27.8,463,14210,1003.5,45,60,SSE,151.5,0,0,94.1,
2023-04-25T06:11:01.531,99.9,26.8,475,3470,1003.1,70,90,NE,36.8,0.7,1,20.9,
2023-04-25T05:51:01.560,99.9,26.7,531,420,1003.2,63,79,WNW,292.5,0,0,0,
2023-04-25T05:31:01.542,99.9,26.7,554,0,1003.1,108,139,SSE,161.2,0.5,1,0,
2023-04-25T05:11:01.550,99.9,26.7,544,0,1002.8,102,127,ESE,120.4,0.6,1,0,
2023-04-25T04:31:01.551,99.9,26.6,615,0,1002.5,130,169,SE,136.3,0,0,0,
2023-04-25T04:11:01.550,99.9,26.6,582,0,1002.4,31,40,N,356.7,0.5,1,0,
2023-04-25T03:31:01.566,99.9,27,475,0,1002.2,31,41,E,80.9,0,0,0,
2023-04-25T03:11:01.578,99.9,27.2,465,0,1002.1,32,42,NNW,334.8,0,0,0,
2023-04-25T02:51:01.571,99.9,27.2,461,0,1001.9,37,48,NNW,331.3,0,0,0,
2023-04-25T02:31:01.569,99.9,27.4,470,0,1002.4,30,37,ENE,65.3,0.8,1,0,
2023-04-25T01:51:01.590,99.9,28,408,0,1002.5,40,52,E,87.3,0.7,1,0,
2023-04-25T01:31:01.585,99.9,28.5,374,0,1002.6,34,45,NNW,336,0.7,1,0,
2023-04-25T00:51:01.584,99.9,29.1,392,0,1002.8,28,36,NNE,14,0,0,0,
2023-04-25T00:31:01.585,99.9,29,380,0,1002.6,22,27,NNW,326.8,0,0,0,
2023-04-25T00:11:01.585,99.9,29.1,377,0,1002.7,22,27,WNW,297.8,0.8,1,0,
2023-04-24T23:51:01.596,99.9,29.2,383,0,1002.6,18,23,WNW,298.5,1.2,1,0,
2023-04-24T23:31:01.611,99.9,29,378,0,1002.9,18,23,NW,313,1.1,1,0,
2023-04-24T23:11:01.596,99.9,29.2,362,0,1003.3,16,21,N,351.9,1,1,0,
2023-04-24T22:51:01.624,99.9,29.1,368,0,1003.5,15,18,NNW,346.6,0.6,1,0,
2023-04-24T22:11:01.616,99.9,29.3,357,0,1004.1,19,25,WNW,285.5,1.3,1,0,
2023-04-24T21:51:01.624,99.9,29.3,360,0,1003.9,17,22,W,274.3,1,1,0,
2023-04-24T21:31:01.608,99.9,29.3,356,0,1003.7,10,12,NW,309,1.2,1,0,
2023-04-24T21:11:01.607,99.9,29.4,370,0,1003.2,10,12,WNW,298.8,1.1,1,0,
2023-04-24T20:51:01.606,99.9,29.5,376,0,1003.1,11,14,N,359,1.5,1,0,
2023-04-24T20:31:01.615,99.9,29.7,331,0,1002.8,14,18,NNW,342.6,1.3,1,0,
2023-04-24T20:11:01.607,99.9,29.7,358,0,1002.4,12,15,W,258.8,1.6,2,0,
2023-04-24T19:31:01.606,99.9,30,333,0,1001.8,15,19,NW,311,1.3,1,0,
2023-04-24T19:11:01.626,99.9,30.2,332,0,1001.6,12,15,WNW,288.3,1.4,1,0,
2023-04-24T18:51:01.621,99.9,30.2,322,0,1001.4,16,20,NW,318.8,1.6,2,0,
2023-04-24T18:31:01.605,99.9,30.3,320,50,1001.7,14,18,W,267.3,1,1,0,
2023-04-24T17:51:01.631,99.9,30.7,314,1180,1000.8,10,13,WNW,291.6,1.4,1,3.5,
2023-04-24T17:31:01.621,99.9,30.7,291,2240,1000.2,16,21,SW,232.5,1.7,2,10.3,
2023-04-24T17:11:01.626,99.9,31,304,4450,1000.7,12,15,W,260.2,2.6,2,28.3,
2023-04-24T16:51:01.624,99.9,31.4,290,6630,1000.1,13,17,S,180.2,1.7,2,42.8,
2023-04-24T16:31:01.623,99.9,31.4,291,9710,1000.5,14,18,WNW,302.6,1.9,2,62.2,
2023-04-24T16:11:01.605,99.9,31.6,296,9960,1000.2,14,18,NW,319.2,2.5,2,68.2,
2023-04-24T15:31:01.607,99.9,32.5,304,9270,1000.1,13,16,SW,223.7,1.2,1,55.6,
2023-04-24T15:11:01.598,88.6,33.7,292,101410,999.7,10,12,WNW,284.6,1.6,2,562.2,
2023-04-24T14:51:01.592,94,33.4,293,55300,1000.1,12,15,SSE,161.4,0.5,1,389.8,
2023-04-24T13:51:01.560,86.1,34.4,282,46080,1000.9,16,20,NW,313.9,1.8,2,311.1,
2023-04-24T13:31:01.562,81.1,34.5,312,41220,1001.3,17,21,SSE,156.4,1.1,1,267.5,
2023-04-24T13:11:01.570,83,34.5,315,40340,1001.7,15,19,W,271.9,0.6,1,268.3,
2023-04-24T12:31:01.565,80.8,35.1,304,64630,1002.4,15,19,WNW,302.2,1,1,405.6,
2023-04-24T12:11:01.536,77.9,37,286,122490,1002.5,13,16,N,2.1,0.4,1,789.1,
2023-04-24T11:51:01.528,83.5,35,298,72500,1002.9,19,24,NNE,28,0.8,1,473.4,
2023-04-24T11:31:01.517,86.7,35.3,314,55480,1003.1,16,20,NE,41.3,0.5,1,359.7,
2023-04-24T11:11:01.517,93.7,34,305,115890,1003,15,19,W,281.2,0.7,1,752.2,
2023-04-24T10:51:01.507,93.3,33.9,308,114820,1003.3,17,21,NNW,332.9,1.4,1,732.7,
2023-04-24T10:31:01.498,99.9,33,329,109260,1003.4,27,33,N,353.7,1.7,2,697.9,
2023-04-24T10:11:01.514,99.9,33.4,327,101470,1003.6,27,35,NNW,341.1,0.9,1,640.7,
2023-04-24T09:51:01.492,99.9,33,332,98910,1003.9,29,38,NW,315.7,1,1,616.6,
2023-04-24T09:31:01.470,99.9,33.1,303,92970,1003.9,35,44,NNW,337.7,0.3,1,567.7,
2023-04-24T09:11:01.454,99.9,30.5,293,45590,1004.1,34,44,NE,44.6,0.5,1,306.4,
2023-04-24T08:51:01.454,99.9,31.7,332,45090,1004,29,38,WNW,296.2,0,0,304.3,
2023-04-24T08:31:01.475,99.9,30.9,330,72710,1003.5,29,38,ENE,67.5,0.5,1,414.6,
2023-04-24T08:11:01.476,99.9,29.9,333,47480,1003.3,29,38,NE,50.9,0.8,1,313.3,
2023-04-24T07:51:01.476,99.9,29,354,56270,1002.8,31,39,SSW,191.4,0.7,1,331.5,
2023-04-24T07:31:01.495,99.9,27.6,332,32080,1002.7,33,43,ESE,106.4,1.5,1,229.5,
2023-04-24T07:11:01.466,99.9,27.8,382,35370,1002.3,43,55,ENE,65.1,1.6,2,198.9,
2023-04-24T06:51:01.466,99.9,26.8,429,22130,1001.9,40,50,E,81.8,1.2,1,119.4,
2023-04-24T05:51:01.476,99.9,25.9,463,320,1001.6,58,75,WNW,296.4,0,0,0,
2023-04-24T05:31:01.496,99.9,25.8,461,0,1001.4,54,70,NNE,32.3,1.1,1,0,
2023-04-24T04:51:01.515,99.9,26.1,435,0,1000.6,51,67,NNW,333.3,0.6,1,0,
2023-04-24T04:31:01.494,99.9,25.9,428,0,1000.5,63,81,NNE,27.8,0.9,1,0,
2023-04-24T04:11:01.506,99.9,25.8,446,0,1000.2,49,62,N,349.7,0.9,1,0,
2023-04-24T03:51:01.504,99.9,26,425,0,1000.2,51,68,NE,37.7,0.9,1,0,
2023-04-24T03:31:01.516,99.9,25.8,393,0,1000.5,53,66,NE,45.6,0.8,1,0,
2023-04-24T03:11:01.516,99.9,25.8,412,0,1001.2,50,65,N,353.4,0.5,1,0,
2023-04-24T02:51:01.516,99.9,25.6,459,0,1001.7,55,72,ESE,118.9,1.9,2,0,
2023-04-24T01:51:01.496,99.9,26.6,452,0,1002.6,51,65,SSW,196.8,0.7,1,0,
2023-04-24T01:31:01.511,99.9,26.5,446,0,1002.9,47,59,NNW,330.1,0.7,1,0,
2023-04-24T01:11:01.516,99.9,26.8,384,0,1003,34,42,E,98.8,0.8,1,0,
2023-04-24T00:31:01.516,99.9,26.8,422,0,1003.6,43,57,NNE,27.4,0.9,1,0,
2023-04-24T00:11:01.486,99.9,27.4,398,0,1003.2,53,68,N,357.3,1.1,1,0,
2023-04-23T23:11:01.486,99.9,27.3,360,0,1002.5,41,51,NNE,20.2,0,0,0,
2023-04-23T22:51:01.486,99.9,27.4,372,0,1002.7,58,73,ENE,61,0.5,1,0,
2023-04-23T22:31:01.507,99.9,27,379,0,1002.8,52,69,NNE,28.4,0.9,1,0,
2023-04-23T21:51:01.487,99.9,27.6,366,0,1002.7,41,52,E,91.6,0,0,0,
2023-04-23T21:31:01.491,99.9,28,344,0,1002,42,56,WNW,295.9,0.7,1,0,
2023-04-23T20:51:01.515,99.9,27.6,310,0,1001.5,50,66,WSW,255,0.9,1,0,
2023-04-23T20:31:01.481,99.9,28,302,0,1001.6,45,56,W,272.2,1.3,1,0,
2023-04-23T20:11:01.481,99.9,29.5,288,0,1001.5,34,44,NW,306.6,0.5,1,0,
2023-04-23T19:51:01.467,99.9,29.5,291,0,1001.2,33,42,WNW,298.3,0,0,0,
2023-04-23T19:11:01.468,99.9,29.2,269,0,1000.8,21,27,NNW,347.9,0,0,0,
2023-04-23T18:51:01.487,99.9,30.3,287,0,1000.5,28,36,E,100.2,1.4,1,0,
2023-04-23T18:11:01.468,99.9,30.7,289,190,999.1,21,28,W,275.4,2.4,2,0,
2023-04-23T17:51:01.458,99.9,30.7,298,1150,998.2,25,33,W,278.2,3.3,2,4.1,
2023-04-23T17:31:01.438,99.9,30.9,295,3180,997.6,26,32,WNW,301.3,2.5,2,21.5,
2023-04-23T17:11:01.455,99.9,31.3,282,4350,998,20,26,WNW,286.2,1.9,2,28.8,
2023-04-23T16:31:01.458,99.9,32.2,301,12260,997.3,20,25,NW,316.7,3.5,3,72.5,
2023-04-23T16:11:01.448,96.5,33.6,290,63760,996.9,19,24,WNW,289.4,3.2,2,287,
2023-04-23T15:31:01.428,94.3,34.2,274,75670,997.2,21,27,WNW,289.4,4.1,3,402.4,
2023-04-23T15:11:01.428,95.6,34.3,287,88900,997.3,21,27,WNW,291,2.1,2,478.4,
2023-04-23T14:51:01.428,94.2,34.5,296,93010,997.6,22,27,SW,219.4,2.5,2,529.2,
2023-04-23T14:11:01.388,87.6,35.4,265,98320,998.2,19,25,NW,315.7,2.7,2,566.1,
2023-04-23T13:51:01.388,69.1,37.5,297,101960,998.5,39,52,NNE,27.4,0.4,1,595.7,
2023-04-23T13:31:01.379,70.1,36.6,277,66330,999.1,34,44,NE,45.8,1.4,1,399.2,
2023-04-23T13:11:01.389,73.5,36.4,315,65130,999.5,31,39,NNW,332.5,1.8,2,396.8,
2023-04-23T12:51:01.360,77,35.7,319,54490,999.7,27,35,NNW,328,1,1,342.3,
2023-04-23T12:31:01.357,76.2,36.3,316,110460,1000,32,42,N,355.5,1.2,1,694.1,
2023-04-23T12:11:01.337,77.8,36.4,283,115630,1000.4,30,37,W,276.4,0.9,1,727.6,
2023-04-23T11:11:01.319,81.5,35.8,308,110860,1001.1,34,43,N,5.1,0.7,1,707.5,
2023-04-23T10:51:01.308,88.7,34.6,315,105510,1000.9,29,38,NNW,336.9,1,1,676.5,
2023-04-23T10:31:01.306,94.6,34.1,296,97450,1001,31,40,N,353.7,1.2,1,606.5,
2023-04-23T10:11:01.330,98.2,33.9,281,101140,1001.5,33,43,W,260.4,1.1,1,636.4,
2023-04-23T09:51:01.277,99.9,33.7,346,80620,1001.6,32,42,NW,321.2,3,2,525.1,
2023-04-23T09:31:01.293,99.9,33.1,335,82630,1001.6,29,36,WSW,249.2,1,1,525.9,
2023-04-23T08:31:01.287,99.9,30.8,353,40600,1001.8,35,45,N,6.5,1.6,2,304.3,
2023-04-23T08:11:01.287,99.9,30.3,388,36000,1001.5,37,46,NNW,341.2,1.5,1,281.5,
2023-04-23T07:31:01.277,99.9,30.2,441,50480,1000.6,39,51,WNW,286.4,1.2,1,320.9,
2023-04-23T07:11:01.277,99.9,29.2,462,30080,1000.4,50,63,NNW,348,1.4,1,182.9,
2023-04-23T06:51:01.287,99.9,28.7,488,18830,1000.3,54,67,WNW,287.3,1.6,2,114.6,
2023-04-23T05:51:01.283,99.9,27.6,590,410,999.9,63,79,NW,325.6,0.8,1,0,
2023-04-23T05:31:01.299,99.9,27.6,585,0,999.7,57,73,NNW,342.6,1,1,0,
2023-04-23T05:11:01.297,99.9,27.7,581,0,999.4,58,74,NW,317.6,0.6,1,0,
2023-04-23T04:31:01.308,99.9,27.7,637,0,999.4,63,79,NW,306.7,1.5,1,0,
2023-04-23T04:11:01.308,99.9,27.8,610,0,998.9,59,74,WNW,303,1.5,1,0,
2023-04-23T03:31:01.318,99.9,28,616,0,998.6,61,76,WNW,301,1.3,1,0,
2023-04-23T03:11:01.313,99.9,27.9,597,0,998.8,58,75,E,99.1,0,0,0,
2023-04-23T02:51:01.317,99.9,27.9,612,0,999,59,75,N,350.4,0.5,1,0,
2023-04-23T02:31:01.324,99.9,27.9,622,0,998.9,56,74,WNW,302.9,0.6,1,0,
2023-04-23T02:11:01.317,99.9,28,632,0,998.9,55,69,NW,321.7,0.9,1,0,
2023-04-23T01:51:01.336,99.9,28,638,0,999,59,76,NNE,24.3,0.7,1,0,
2023-04-23T01:31:01.315,99.9,28.2,602,0,999.2,80,105,NW,321.7,1.2,1,0,
2023-04-23T00:51:01.320,99.9,28.2,594,0,999.4,61,79,NE,35.7,0.8,1,0,
2023-04-23T00:31:01.341,99.9,28.3,570,0,999.7,62,78,NNW,331.5,1.1,1,0,
2023-04-23T00:11:01.331,99.9,28.5,540,0,1000,63,81,N,358,0.9,1,0,
2023-04-22T23:51:01.335,99.9,28.4,546,0,1000.4,65,85,NE,47.4,0,0,0,
2023-04-22T23:11:01.335,99.9,28.7,487,0,1001,54,70,NE,39.3,0.5,1,0,
2023-04-22T22:51:01.340,99.9,28.7,526,0,1000.8,59,73,NNW,333.9,0.9,1,0,
2023-04-22T22:11:01.347,99.9,28.7,503,0,1000.7,60,78,NW,312.7,0.7,1,0,
2023-04-22T21:51:01.355,99.9,28.7,496,0,1000.9,47,59,NNW,326.5,0.6,1,0,
2023-04-22T21:31:01.356,99.9,28.7,499,0,1000.4,51,65,NW,310.6,0.1,0,0,
2023-04-22T20:51:01.373,99.9,28.9,494,0,1000.3,43,55,NNW,333.6,1,1,0,
2023-04-22T20:31:01.353,99.9,28.8,486,0,999.6,47,59,NW,312.2,1.1,1,0,
2023-04-22T20:11:01.353,99.9,28.9,483,0,999.4,50,63,WNW,294.7,1.1,1,0,
2023-04-22T19:51:01.353,99.9,28.6,478,0,999.3,65,84,NW,313.8,1.1,1,0,
2023-04-22T19:11:01.361,99.9,28.4,362,0,998.9,61,81,NW,321.8,1.1,1,0,
2023-04-22T18:51:01.383,99.9,28.5,344,0,998.5,57,71,NW,326,1,1,0,
2023-04-22T18:31:01.363,99.9,28.5,294,50,998.1,54,72,WSW,240.3,0.7,1,0,
2023-04-22T18:11:01.384,99.9,28.7,307,1070,997.9,65,86,NNW,340.4,0.4,1,3.8,
2023-04-22T17:51:01.378,99.9,28.8,285,3060,998.1,58,76,NW,305.9,0,0,17.3,
2023-04-22T17:31:01.375,99.9,28.6,288,5480,998,53,67,WNW,302.2,1.3,1,30.8,
2023-04-22T17:11:01.372,99.9,29.2,269,29800,997.7,42,52,NNW,343.1,0,0,168,
2023-04-22T16:31:01.382,99.9,28.1,286,55270,997.1,25,33,NNW,345.5,1.3,1,312.6,
2023-04-22T16:11:01.364,99.9,26.4,263,53060,997.9,20,25,NNW,332.7,1.5,1,315.4,
2023-04-22T15:31:01.374,99.9,24.1,431,17190,999.4,61,81,NW,309.6,4.8,3,111.8,
2023-04-22T15:11:01.368,99.9,22.7,482,4780,999.9,50,66,SSE,162.1,4.1,3,30.2,
2023-04-22T14:51:01.382,99.9,29.3,326,830,998.2,86,109,NNW,344.2,4.5,3,1.6,
2023-04-22T14:31:01.381,97.6,34.1,282,8410,997.9,46,58,WNW,302.2,0.9,1,52.1,
2023-04-22T14:11:01.354,92.3,35.1,286,40600,998,45,57,NE,44.6,0.7,1,286.6,
2023-04-22T13:51:01.355,81.4,36.6,329,95590,998.3,50,62,NW,320.8,2.7,2,590.7,
2023-04-22T13:31:01.336,67.6,36.5,289,53760,998.9,51,66,WNW,282.9,1.3,1,359,
2023-04-22T12:51:01.306,66.3,37.4,280,108200,999.7,40,49,NW,309.5,0.6,1,687.7,
2023-04-22T12:31:01.306,67.7,37.3,280,108420,1000.1,48,61,NNW,339.9,0.5,1,693.1,
2023-04-22T12:11:01.283,73.8,36.6,281,110140,1000.3,47,61,NNE,31.8,0.7,1,722.3,
2023-04-22T11:31:01.282,85.1,35.9,280,107050,1000.9,55,71,NW,308.7,1.5,1,705.4,
2023-04-22T11:11:01.276,86,35.9,310,101120,1001.5,55,72,NW,305.5,1.3,1,647.4,
2023-04-22T10:51:01.255,91.4,35.2,306,98660,1001.5,59,74,NNW,338,1,1,639.1,
2023-04-22T10:31:01.225,99.3,34.1,305,73230,1001.9,59,73,NW,321.1,1.7,2,443.7,
2023-04-22T10:11:01.246,99.9,34.3,321,93970,1001.8,57,71,SE,125.7,0.7,1,586.6,
2023-04-22T09:51:01.235,99.9,33.7,291,77140,1002.1,61,77,NW,324.8,1,1,458.2,
2023-04-22T09:31:01.215,99.9,32.6,308,50430,1002.1,63,80,NNW,333.3,1.6,2,346.4,
2023-04-22T09:11:01.224,99.9,32.8,305,69910,1002,65,81,NW,313.9,0.8,1,438,
2023-04-22T08:31:01.224,99.9,31.7,325,59680,1001.8,68,86,NNW,338.4,0.9,1,369.4,
2023-04-22T08:11:01.214,99.9,31.3,352,51980,1001.4,66,84,NNE,17.4,1.2,1,330.1,
2023-04-22T07:11:01.203,99.9,29.9,402,20070,1000.8,59,77,NW,310.9,0.2,0,136.7,
2023-04-22T06:51:01.212,99.9,28.8,433,9270,1000.5,67,88,NNW,340.3,0.8,1,68.5,
2023-04-22T06:11:01.222,99.9,28.2,451,2400,1000,69,87,WNW,303.4,0.6,1,15,
2023-04-22T05:51:01.233,99.9,28.1,442,340,999.7,66,82,NNW,346.8,0.8,1,0,
2023-04-22T05:31:01.223,99.9,28.2,428,0,999.5,56,71,N,4.2,0.6,1,0,
2023-04-22T04:51:01.251,99.9,28.4,429,0,998.7,57,73,N,6,0.4,1,0,
2023-04-22T04:31:01.242,99.9,28.4,408,0,998.6,62,82,NW,323.6,0.7,1,0,
2023-04-22T04:11:01.242,99.9,28.6,402,0,998.6,49,65,NNE,27.4,0.6,1,0,
2023-04-22T03:51:01.241,99.9,28.6,440,0,998.3,58,76,N,358.7,0.6,1,0,
2023-04-22T03:11:01.252,99.9,28.7,458,0,998.2,49,65,WNW,292.7,1,1,0,
2023-04-22T02:51:01.251,99.9,28.8,442,0,998.3,45,57,NNW,340.1,1.1,1,0,
2023-04-22T02:31:01.246,99.9,28.9,448,0,998.5,45,57,SSW,208.7,0.8,1,0,
2023-04-22T02:11:01.251,99.9,29.1,440,0,998.4,48,61,WNW,300,0.6,1,0,
2023-04-22T01:51:01.251,99.9,29.1,415,0,998.6,51,64,NNW,335.4,1,1,0,
2023-04-22T01:31:01.262,99.9,29.1,395,0,998.9,44,55,NNW,326.4,1,1,0,
2023-04-22T00:31:01.265,99.9,29.5,372,0,999.5,49,64,NNW,328.4,1,1,0,
2023-04-22T00:11:01.258,99.9,29.6,353,0,999.7,48,60,WNW,292,0.8,1,0,
2023-04-21T23:11:01.263,99.9,30,336,0,1000.3,44,55,NW,314.2,0.6,1,0,
2023-04-21T22:51:01.241,99.9,30.1,343,0,1000.7,35,44,N,4.1,0.6,1,0,
2023-04-21T22:31:01.255,99.9,30.3,336,0,1000.6,42,55,NNW,341.9,1.1,1,0,
2023-04-21T21:51:01.260,99.9,30.5,329,0,1000.5,37,49,NNW,334.5,1.1,1,0,
2023-04-21T21:31:01.269,99.9,30.5,328,0,1000.4,42,53,ENE,72.6,0.9,1,0,
2023-04-21T20:51:01.283,99.9,30.8,321,0,1000.6,43,56,WNW,301,0.9,1,0,
2023-04-21T20:31:01.272,99.9,30.7,331,0,1000,39,52,WSW,255,1.6,2,0,
2023-04-21T20:11:01.286,99.9,30.7,322,0,999.9,44,57,NW,326.1,2,2,0,
2023-04-21T19:11:01.291,99.9,31.2,303,0,999.3,41,53,NNW,336.3,1.3,1,0,
2023-04-21T18:51:01.277,99.9,31.1,298,0,999.3,45,57,NNW,327.7,0.7,1,0,
2023-04-21T18:11:01.251,99.9,31.6,301,650,998.5,37,48,NNW,337.7,0.9,1,1,
2023-04-21T17:51:01.273,99.9,31.7,305,1190,998,40,52,W,278.2,1.4,1,5.2,
2023-04-21T17:31:01.268,99.9,32,291,2500,998.1,44,57,NNW,347.1,3.3,2,16.8,
2023-04-21T16:31:01.236,94.2,34.1,294,35720,996.6,43,55,NW,305.6,2,2,166.4,
2023-04-21T16:11:01.236,90.1,34.8,279,54450,996.4,46,59,W,267.2,1.8,2,209.6,
2023-04-21T15:11:01.225,81,36.4,331,71050,996.4,43,56,WNW,283,3.7,3,405.6,
2023-04-21T14:51:01.218,64.1,38.1,324,85780,996.5,43,56,NW,321.6,1.6,2,492,
2023-04-21T14:31:01.178,58.4,38.5,311,84600,997,43,53,NNW,335.2,1.4,1,511.7,
2023-04-21T13:51:01.178,61.8,39,290,93190,997.6,49,63,WNW,301.3,1,1,586.6,
2023-04-21T13:31:01.145,57.8,40.6,279,102210,998.2,39,48,WNW,298.8,1.2,1,645.4,
2023-04-21T12:51:01.114,61.2,39.6,285,99630,998.7,42,55,NNE,16.3,0.6,1,657.8,
2023-04-21T12:31:01.114,65,38.4,285,106950,999.4,47,61,NW,307.9,1.9,2,710.7,
2023-04-21T12:11:01.088,66.6,38.5,285,107200,999.5,49,62,WNW,298,0.7,1,719.7,
2023-04-21T11:51:01.062,72,36.6,291,104560,999.9,48,62,NNW,328.7,1.4,1,708.5,
2023-04-21T11:11:01.060,77.2,36.2,340,99790,1000.4,46,60,WNW,295.1,3.2,2,684.8,
2023-04-21T10:51:01.051,79.6,35.2,312,96960,1000.8,45,56,NNW,335.6,2.4,2,662.1,
2023-04-21T10:31:01.031,83.3,34.2,323,93470,1001.2,40,51,NE,47.9,2.1,2,630.2,
2023-04-21T10:11:01.036,85.6,34.2,282,91440,1001.3,41,54,NNW,336.8,1.7,2,607.6,
2023-04-21T09:51:01.032,91.1,33.5,295,87990,1001.5,43,54,NW,323,1.5,1,574.9,
2023-04-21T09:31:01.030,95.7,33.3,297,83120,1001.5,40,51,N,355.1,1.2,1,532.4,
2023-04-21T09:11:01.032,99.9,32.6,287,77520,1001.3,43,55,NNW,341.9,3.3,2,482.7,
2023-04-21T08:31:01.012,99.9,31.5,312,65180,1001.2,48,61,NNW,329.2,2.1,2,392.8,
2023-04-21T08:11:01.028,99.9,31.1,315,57740,1000.9,49,65,N,355.1,2.1,2,344.2,
2023-04-21T07:31:01.031,99.9,29.9,339,38980,1000.4,53,67,E,97.5,1.7,2,232.2,
2023-04-21T07:11:01.031,99.9,29.6,363,28590,1000.1,53,67,NW,309.5,1.5,1,160.1,
2023-04-21T06:51:01.030,99.9,29,373,18780,999.8,55,68,NW,320.9,1.4,1,101.4,
2023-04-21T06:31:01.031,99.9,28.3,428,9410,999.5,59,77,NNE,14.6,1.1,1,53.1,
2023-04-21T06:11:01.030,99.9,27.7,447,2950,999.1,57,74,NNW,337.8,1.2,1,16.5,
2023-04-21T05:51:01.040,99.9,27.6,458,330,998.9,62,79,SW,227.4,1.3,1,0,
2023-04-21T05:31:01.050,99.9,27.5,496,0,998.8,73,94,N,4.6,0.8,1,0,
2023-04-21T04:51:01.030,99.9,27.5,467,0,998.1,68,87,NW,320.7,2,2,0,
2023-04-21T04:31:01.050,99.9,27.5,434,0,997.8,67,84,WNW,282.3,1.4,1,0,
2023-04-21T04:11:01.060,99.9,27.5,426,0,997.6,68,84,NW,325,1.8,2,0,
2023-04-21T03:11:01.050,99.9,27.7,419,0,997.6,66,85,NNW,331.3,1.2,1,0,
2023-04-21T02:51:01.060,99.9,28,392,0,997.9,61,78,WNW,293.6,1.6,2,0,
2023-04-21T02:11:01.063,99.9,28.2,378,0,998,57,72,NNW,340.9,1.4,1,0,
2023-04-21T01:51:01.060,99.9,28.3,371,0,998.2,57,74,N,5.3,1,1,0,
2023-04-21T01:31:01.070,99.9,28.4,348,0,998.3,58,77,NW,317.6,0.7,1,0,
2023-04-21T00:31:01.080,99.9,28.6,365,0,999,55,70,N,7.8,0,0,0,
2023-04-21T00:11:01.080,99.9,28.7,367,0,999,58,76,NW,319.1,1.6,2,0,
2023-04-20T23:51:01.090,99.9,28.8,369,0,999.1,59,78,NNW,327.3,0.7,1,0,
2023-04-20T23:31:01.070,99.9,29,389,0,999.5,59,74,NNW,327.6,0.9,1,0,
2023-04-20T23:11:01.090,99.9,29.1,379,0,999.7,52,68,N,353.4,0.6,1,0,
2023-04-20T22:51:01.090,99.9,29.1,398,0,999.8,56,72,WNW,296.6,0.7,1,0,
2023-04-20T22:31:01.080,99.9,29.3,391,0,999.7,50,63,WNW,284.2,1,1,0,
2023-04-20T21:51:01.100,99.9,29.3,434,0,999.4,56,70,NNW,336.6,0.9,1,0,
2023-04-20T21:31:01.090,99.9,29.4,413,0,999.3,44,54,NNE,24.2,1.4,1,0,
2023-04-20T20:51:01.108,99.9,29.6,383,0,998.8,54,67,NE,35.6,1.3,1,0,
2023-04-20T20:31:01.091,99.9,29.7,376,0,998.8,55,71,WNW,296.8,1.7,2,0,
2023-04-20T20:11:01.110,99.9,29.8,353,0,998.5,56,73,W,272.4,2.1,2,0,
2023-04-20T19:11:01.099,99.9,31,310,0,997.8,57,73,WNW,287.4,2.1,2,0,
2023-04-20T18:51:01.094,99.9,31.8,291,0,997.2,53,71,NW,322.2,1.3,1,0,
2023-04-20T18:11:01.091,96.6,32.7,312,2020,996.6,48,62,WNW,293.1,2.2,2,9.2,
2023-04-20T17:51:01.102,89.7,33.6,288,6610,996.4,51,66,WSW,239.6,3.8,3,34.1,
2023-04-20T17:31:01.087,84.1,34.2,315,15170,996.2,52,68,WNW,303.2,2.7,2,72.7,
2023-04-20T16:31:01.041,69.2,37,296,46870,996,48,61,NW,304.4,1.2,1,164,
2023-04-20T16:11:01.032,64.7,37.3,274,56160,995.9,48,62,WSW,240.5,1.7,2,187.7,
2023-04-20T15:11:00.990,49.3,40.1,304,77560,996.3,46,58,WNW,283.6,0.7,1,435.8,
2023-04-20T14:51:01.055,49.4,39.9,298,84140,996.6,41,51,WNW,293.8,1.4,1,486.6,
2023-04-20T13:51:01.006,55.5,38.5,285,98990,997.6,40,50,N,350.9,2.3,2,624.3,
2023-04-20T13:31:40.586,55.2,38.6,298,102120,997.9,38,50,NW,308,1.9,2,656.2,
2023-04-20T13:31:18.826,,,,,,,,,,,,,3.077
2023-04-20T13:21:22.390,53.5,38.7,296,102460,998.3,39,49,NNE,15.8,1.6,2,666.6,
2023-04-20T13:20:59.625,,,,,,,,,,,,,3.074
2023-04-20T13:20:10.585,,,,,,,,,,,,,3.095
2023-03-02T09:23:36.930,73.2,30.7,347,76690,1012.5,85,105,SE,129.4,0.8,1,438.9,
2023-03-02T09:13:19.849,79.5,28.8,301,75470,1012.2,98,126,WSW,252.6,1.1,1,427.6,
2023-03-02T09:03:19.847,78.8,29.8,343,72940,1012.3,93,124,SW,221,0.4,1,408.6,
2023-03-02T08:53:19.859,83.6,29.4,389,70860,1012,101,126,SSW,202.1,0.5,1,391.2,
2023-03-02T08:43:19.829,85.3,29.1,354,66110,1012.1,92,121,W,278.2,0.5,1,364.2,
2023-03-02T08:33:19.826,89.4,28.4,345,63080,1012,81,106,WNW,289.6,0.5,1,342.4,
2023-03-02T08:23:37.921,99.9,27.1,366,58750,1011.8,87,108,SE,125.4,1.3,1,318.7,
2023-03-02T08:13:19.828,99.9,26.8,377,53940,1011.7,84,106,ESE,119.6,0.9,1,290.6,
2023-03-02T08:03:36.938,99.9,26.2,381,48740,1011.6,100,133,ENE,76.3,1.1,1,254.9,
2023-03-02T07:53:19.817,99.9,25.4,367,42230,1011.4,113,146,SE,128.6,1.1,1,210.7,
2023-03-02T07:43:19.837,99.9,24.5,379,36560,1011.5,124,156,ESE,101.7,0.9,1,175.4,
2023-03-02T07:33:29.837,99.9,23.9,398,30950,1011.2,130,171,E,98.7,0.9,1,146,
2023-03-02T07:23:19.837,99.9,23.9,388,24430,1011.2,145,185,E,88.8,0.7,1,115.1,
2023-03-02T07:13:28.837,99.9,23.3,383,17910,1011.3,132,173,NNE,23,0.8,1,84.8,
2023-03-02T07:03:19.837,99.9,22.9,399,12120,1011,125,160,NE,54.6,0.8,1,58.6,
2023-03-02T06:53:19.816,99.9,22.5,407,7340,1010.9,116,151,ENE,67.9,0.7,1,36.7,
2023-03-02T06:43:28.829,99.9,22.3,411,4010,1010.8,149,199,NE,37.7,0.7,1,19.8,
2023-03-02T06:33:19.816,99.9,22.1,409,1820,1010.5,133,166,SE,126.5,0.8,1,7.5,
2023-03-02T06:23:19.816,99.9,22,412,550,1010.4,165,213,E,98.9,1.1,1,0,
2023-03-02T06:13:19.827,99.9,22,425,60,1010.2,150,193,ESE,110.9,1.3,1,0,
2023-03-02T06:03:19.817,99.9,22,423,0,1010.1,149,187,E,93.9,0.9,1,0,
2023-03-02T05:53:19.797,99.9,22,411,0,1010.1,129,166,SSE,155.2,0.5,1,0,
2023-03-02T05:43:19.835,99.9,22.2,410,0,1009.8,102,134,E,94.6,0.8,1,0,
2023-03-02T05:33:28.817,99.9,22.2,404,0,1009.5,106,134,SW,224.3,0.6,1,0,
2023-03-02T05:23:19.797,99.9,22.2,423,0,1009.5,119,151,S,174.2,0.7,1,0,
2023-03-02T05:13:19.807,99.9,22.2,417,0,1009.4,136,170,ENE,58.3,1,1,0,
2023-03-02T05:03:19.807,99.9,22.1,441,0,1009.3,159,201,E,94.8,1.2,1,0,
2023-03-02T04:53:19.797,99.9,22.1,408,0,1009.2,149,193,ESE,108,1.1,1,0,
2023-03-02T04:43:19.797,99.9,22.1,405,0,1009,147,185,ESE,109.7,0.8,1,0,
2023-03-02T04:33:19.798,99.9,22.1,436,0,1009,143,183,ESE,108.7,0.6,1,0,
2023-03-02T04:23:19.808,99.9,22.1,431,0,1009.2,136,171,NNW,347.5,0.7,1,0,
2023-03-02T04:13:19.809,99.9,22.2,422,0,1009.1,141,185,ENE,60.5,0.9,1,0,
2023-03-02T04:03:19.799,99.9,22.3,418,0,1009.2,139,186,NNE,18.1,1.1,1,0,
2023-03-02T03:53:19.799,99.9,22.4,411,0,1009.2,133,170,E,84.6,0.6,1,0,
2023-03-02T03:43:27.799,99.9,22.4,411,0,1009.2,153,192,E,83.4,1.2,1,0,
2023-03-02T03:33:19.799,99.9,22.4,423,0,1009.3,186,244,NE,44.8,0.9,1,0,
2023-03-02T03:23:19.799,99.9,22.3,420,0,1009.1,248,312,ESE,113.1,1.2,1,0,
2023-03-02T03:13:28.800,99.9,22.3,415,0,1009.1,241,316,SE,145.8,1,1,0,
2023-03-02T03:03:19.799,99.9,22.4,390,0,1009.2,220,287,ESE,118.2,0.8,1,0,
2023-03-02T02:53:27.810,99.9,22.5,398,0,1009.2,255,320,E,97.5,1,1,0,
2023-03-02T02:43:19.799,99.9,22.6,369,0,1009.4,269,348,ENE,68.9,0.8,1,0,
2023-03-02T02:33:19.799,99.9,23.1,360,0,1009.3,260,324,E,85.4,1,1,0,
2023-03-02T02:23:19.799,99.9,23.2,345,0,1009.4,271,348,ESE,101.7,0.3,1,0,
2023-03-02T02:13:19.879,99.9,23.3,352,0,1009.4,261,330,SE,145.4,1.4,1,0,
2023-03-02T02:03:19.909,99.9,23.5,350,0,1009.4,267,337,S,184.6,0.4,1,0,
2023-03-02T01:53:21.098,99.9,23.7,360,0,1009.6,252,322,WSW,244.2,0.6,1,0,
2023-03-02T01:43:19.898,99.9,23.7,358,0,1009.8,222,277,SSW,204.6,0.7,1,0,
2023-03-02T01:33:37.899,99.9,23.8,344,0,1009.9,234,297,SW,234.8,0.7,1,0,
2023-03-02T01:23:19.799,99.9,23.9,348,0,1010,236,300,SSE,168.3,1,1,0,
2023-03-02T01:13:19.819,99.9,24,340,0,1010.2,235,312,S,179.5,1.1,1,0,
2023-03-02T01:03:28.799,99.9,24.1,355,0,1010.4,230,297,SSW,195.7,0.8,1,0,
2023-03-02T00:53:19.796,99.9,24.1,336,0,1010.3,224,296,SSW,212.2,1,1,0,
2023-03-02T00:43:27.822,99.9,24.1,339,0,1010.5,208,264,SSE,148.3,1.1,1,0,
2023-03-02T00:33:19.819,99.9,24.2,330,0,1010.6,204,263,S,185.9,0.7,1,0,
2023-03-02T00:23:19.789,99.9,24.2,335,0,1010.8,167,209,SE,127.6,1.1,1,0,
2023-03-02T00:13:19.799,99.9,24.4,323,0,1011,168,218,SSE,157.8,0.7,1,0,
2023-03-02T00:03:28.807,99.9,24.5,316,0,1011.1,154,203,ESE,106.9,0.5,1,0,
2023-03-01T23:53:19.889,99.9,24.6,309,0,1011.2,146,186,SSE,165.5,0.7,1,0,
2023-03-01T23:43:35.919,99.9,24.7,308,0,1011.4,135,180,SSE,153.8,0.6,1,0,
2023-03-01T23:33:19.887,99.9,24.8,308,0,1011.5,114,144,SSE,148.3,0.9,1,0,
2023-03-01T23:23:35.917,99.9,24.8,321,0,1011.6,105,138,SSW,205.5,0.7,1,0,
2023-03-01T23:13:19.806,99.9,25,319,0,1011.7,114,148,SSW,213.6,0.4,1,0,
2023-03-01T23:03:28.806,99.9,25.1,297,0,1011.7,113,141,SE,129.9,0.5,1,0,
2023-03-01T22:53:19.806,99.9,25.1,316,0,1011.7,118,150,SSW,210.6,0.5,1,0,
2023-03-01T22:43:19.806,99.9,25,310,0,1011.7,119,157,WNW,290,0.6,1,0,
2023-03-01T22:33:19.816,99.9,25.2,307,0,1011.8,114,149,SSE,166.5,1.6,2,0,
2023-03-01T22:23:19.827,99.9,25.4,289,0,1011.9,112,150,SSE,153.6,1,1,0,
2023-03-01T22:13:19.821,99.9,25.5,304,0,1011.8,122,163,WNW,291.5,0.7,1,0,
2023-03-01T22:03:19.807,99.9,25.6,297,0,1011.8,127,168,SE,128.7,0.4,1,0,
2023-03-01T21:53:35.911,99.9,25.7,289,0,1011.8,155,199,SSE,159.2,1.4,1,0,
2023-03-01T21:43:19.820,99.9,25.8,289,0,1011.8,136,177,S,178.1,0.5,1,0,
2023-03-01T21:33:28.831,99.9,25.8,281,0,1011.7,124,158,ENE,62.8,0.8,1,0,
2023-03-01T21:23:19.806,99.9,25.9,294,0,1011.6,151,188,NE,44.5,0.5,1,0,
2023-03-01T21:13:19.831,99.9,26,278,0,1011.4,131,166,SSE,152.1,0.6,1,0,
2023-03-01T21:03:28.830,99.9,26.1,285,0,1011.4,116,153,NE,43.3,0.6,1,0,
2023-03-01T20:53:19.808,99.9,26.1,291,0,1011.3,120,159,NNE,11.7,0.7,1,0,
2023-03-01T20:43:19.828,99.9,26.2,297,0,1011.1,164,215,SSE,155.2,0.5,1,0,
2023-03-01T20:33:19.829,99.9,26.3,280,0,1011,159,204,NNE,27.5,0.7,1,0,
2023-03-01T20:23:27.809,99.9,26.3,283,0,1010.9,133,178,ENE,68.6,0.8,1,0,
2023-03-01T20:13:19.829,99.9,26.4,272,0,1010.9,124,156,ESE,116.2,1.1,1,0,
2023-03-01T20:03:36.899,99.9,26.5,279,0,1010.7,156,205,SSW,202.7,0.8,1,0,
2023-03-01T19:53:19.817,99.9,26.5,275,0,1010.5,128,163,SSE,149.2,1.4,1,0,
2023-03-01T19:43:36.910,98.8,26.6,280,0,1010.3,118,153,E,85.9,0.9,1,0,
2023-03-01T19:33:19.819,98.2,26.7,283,0,1010.1,118,154,WNW,284.3,0.9,1,0,
2023-03-01T19:23:37.912,96.5,26.8,273,0,1009.9,125,165,NNE,32.6,0.7,1,0,
2023-03-01T19:13:19.818,93.8,26.9,282,0,1009.8,112,147,SE,132.3,0.9,1,0,
2023-03-01T19:03:19.825,90.8,27.1,296,0,1009.7,99,123,ENE,77.3,0.8,1,0,
2023-03-01T18:53:19.816,88.1,27.2,279,0,1009.5,88,112,ENE,78.2,1.2,1,0,
2023-03-01T18:43:19.816,85.4,27.4,290,0,1009.5,85,113,SW,224.9,0.6,1,0,
2023-03-01T18:33:19.836,83,27.6,285,20,1009.3,81,102,ENE,74.4,0.8,1,0,
2023-03-01T18:23:37.905,80.2,27.9,302,380,1009.1,76,100,NNE,21,0.8,1,0,
2023-03-01T18:13:19.816,78.6,28,295,1330,1009,74,98,ESE,119.7,1.1,1,4.1,
2023-03-01T18:03:28.816,77.1,28.5,274,3130,1009,69,87,SE,139.1,0.8,1,14.7,
2023-03-01T17:53:19.816,73.9,29.1,283,6180,1008.7,62,79,WNW,299.9,0.5,1,28.3,
2023-03-01T17:43:19.806,71.7,29.5,289,10490,1008.7,66,88,WSW,240.3,0.6,1,45.2,
2023-03-01T17:33:19.825,70.4,29.7,288,15930,1008.5,67,84,NNE,30.3,1.7,2,60,
2023-03-01T17:23:28.844,69.7,30,300,23040,1008.2,80,103,ESE,102.1,1.2,1,78.6,
2023-03-01T17:13:19.834,67.1,30.4,310,30880,1008.1,55,69,ENE,66.2,1.1,1,95.5,
2023-03-01T17:03:35.916,67.3,30.6,288,37470,1007.9,61,78,ESE,103.9,1.6,2,110.1,
2023-03-01T16:53:19.796,66.2,30.9,288,45600,1007.7,57,75,ENE,59,1.9,2,126.6,
2023-03-01T16:43:19.822,64.1,31.5,311,53260,1007.7,53,66,ESE,117.9,1.2,1,136.2,
2023-03-01T16:33:19.825,62.6,31.7,310,60720,1007.7,50,64,NE,45.1,1.1,1,143,
2023-03-01T16:23:19.814,60.8,32.3,280,62280,1007.6,51,64,SE,136.5,1.3,1,153.9,
2023-03-01T16:13:19.814,58.2,32.1,288,71920,1007.4,47,59,SE,145.4,1.3,1,157.1,
2023-03-01T16:03:27.806,60.5,32,297,75250,1007.3,52,68,NNE,30.1,1,1,171.6,
2023-03-01T15:53:19.815,58.6,32.7,294,78290,1007.2,50,64,NE,35.1,1.3,1,175.4,
2023-03-01T15:43:19.806,58.7,32.4,294,80030,1007.3,50,65,SSW,199.8,0.8,1,354.7,
2023-03-01T15:33:36.886,58.1,32.5,309,83670,1007.4,48,61,S,187.1,1.8,2,418.2,
2023-03-01T15:23:19.786,57.6,32.8,305,88140,1007.4,54,71,NW,313.6,0.9,1,447.3,
2023-03-01T15:13:28.805,55.9,33,295,94880,1007.6,44,58,NNE,26.1,1.1,1,489.2,
2023-03-01T15:03:19.807,58.6,32.8,325,88550,1007.5,54,68,NE,39.8,1.7,2,469.6,
2023-03-01T14:53:19.882,57,32.6,323,97460,1007.6,56,73,SE,124.6,1.6,2,522.9,
2023-03-01T14:43:37.896,57.8,32.8,292,99310,1007.7,64,81,E,82.7,1.1,1,542,
2023-03-01T14:33:19.774,58.6,32.7,304,100810,1007.7,64,85,N,7.3,1.5,1,558.6,
2023-03-01T14:23:28.783,58.5,32.4,302,96370,1007.9,64,81,NW,314.4,1.3,1,547.2,
2023-03-01T14:13:19.774,58.2,32.6,315,103540,1008.1,65,86,WNW,292,1.4,1,590.7,
2023-03-01T14:03:19.784,58,32.5,302,105680,1008.4,67,88,ENE,57.4,1.1,1,611,
2023-03-01T13:53:37.864,56.2,32.7,292,107660,1008.6,62,83,ENE,73.5,1.3,1,626.5,
2023-03-01T13:43:19.785,55.1,33.1,335,114300,1008.7,62,80,ENE,71.6,1.1,1,664,
2023-03-01T13:33:19.775,54.8,32.8,288,110770,1008.9,64,82,SE,140.5,1.4,1,657.8,
2023-03-01T13:23:19.777,55.1,33,324,111100,1009.1,56,73,E,88.5,1.3,1,667.5,
2023-03-01T13:13:19.776,54.1,34,354,108040,1009.5,56,72,WSW,256.4,1.2,1,655.7,
2023-03-01T13:03:19.775,54.9,33.5,315,111770,1009.5,57,74,SSE,167.7,1.3,1,685.9,
2023-03-01T12:53:27.758,50.2,33.3,314,111740,1009.6,45,59,WSW,240.2,1.6,2,688.1,
2023-03-01T12:43:19.785,52.9,33,314,114180,1009.8,55,73,SE,134.2,0.5,1,715.1,
2023-03-01T12:33:27.767,54.2,32.6,301,105130,1010,52,66,E,88.1,1.6,2,670,
2023-03-01T12:23:19.768,53,33.3,305,109520,1010.2,51,65,SE,135,1.8,2,696.4,
2023-03-01T12:13:19.773,56.7,32.2,328,109730,1010.1,55,73,W,268.8,1.9,2,703.9,
2023-03-01T12:03:19.758,54.4,33.6,367,109610,1010.5,51,67,SW,214.1,0.7,1,702.5,
2023-03-01T11:53:29.753,56.4,33.1,327,101890,1010.7,50,66,E,81.2,1,1,652.9,
2023-03-01T11:43:19.762,55.1,33.1,294,111950,1010.8,46,60,ENE,69.4,1.5,1,712.9,
2023-03-01T11:33:19.751,58.5,31.9,304,106680,1010.9,50,66,WNW,288.4,0.8,1,685.2,
2023-03-01T11:23:19.761,54.8,33.8,320,107830,1011.1,49,64,SW,229.3,1.9,2,683.8,
2023-03-01T11:13:19.761,61.2,32.5,309,104990,1011.4,52,65,SSE,167.2,1,1,661.9,
2023-03-01T11:03:19.751,62.4,32.7,314,107530,1011.6,55,70,NNE,33.6,1.4,1,671.1,
2023-03-01T10:53:19.751,67,31.5,308,99300,1011.6,58,76,SSE,166,0.8,1,633.5,
2023-03-01T10:43:19.750,71.8,31.1,342,108120,1011.8,76,99,SW,218.2,1.5,1,661,
2023-03-01T10:33:19.747,76.4,30.1,322,52280,1012,79,105,S,180,1.4,1,362.2,
2023-03-01T10:23:27.746,73.4,31.1,324,42020,1012.1,79,98,ENE,68.2,0.9,1,288.3,
2023-03-01T10:13:19.778,73.7,31.4,351,52660,1012.1,81,101,WSW,241.8,0.5,1,343.5,
2023-03-01T10:03:19.746,74.7,31.4,363,83400,1011.7,81,101,NE,50.9,0.7,1,437.3,
2023-03-01T09:53:19.758,77.2,31,350,66850,1011.8,91,120,ENE,70.6,0.7,1,349.7,
2023-03-01T09:43:28.742,79.5,30.9,357,84390,1011.8,90,115,NW,305.7,0.5,1,493.6,
2023-03-01T09:33:19.748,83.1,30.2,365,84690,1011.8,96,121,S,182.8,1.2,1,481.5,
2023-03-01T09:23:28.749,90.9,29,355,75020,1011.7,104,131,NNW,326.5,0.7,1,436,
2023-03-01T09:13:19.742,88.6,29.3,412,67440,1011.6,101,127,SSW,203.3,1.1,1,399.2,
2023-03-01T09:03:19.738,93,28.8,344,67250,1011.5,95,123,NW,325.4,0.7,1,384.2,
2023-03-01T08:53:19.745,96.8,29.1,436,66380,1011.3,114,152,E,87.3,0.5,1,373.2,
2023-03-01T08:43:19.745,98.2,29.6,445,59510,1011.5,153,191,ENE,67.7,0.5,1,345.9,
2023-03-01T08:33:19.744,99.9,28,423,56410,1011.3,162,203,WSW,242.5,0.4,1,329.3,
2023-03-01T08:23:19.746,99.9,26.8,448,50790,1011.2,173,216,SSE,151.8,0.7,1,303.2,
2023-03-01T08:13:36.826,99.9,26.7,447,47070,1011,189,243,ESE,120,1.6,2,278.3,
2023-03-01T08:03:19.743,99.9,26.7,443,41460,1011,205,258,NW,310.7,0.5,1,236.3,
2023-03-01T07:53:19.737,99.9,25.8,451,37270,1010.8,215,275,ESE,109.1,1.4,1,199.8,
2023-03-01T07:43:19.732,99.9,25.7,478,30350,1010.8,219,273,ENE,56.3,0.4,1,162.4,
2023-03-01T07:33:19.753,99.9,25.3,492,24600,1010.6,261,326,WSW,240.1,0.5,1,132.3,
2023-03-01T07:23:19.748,99.9,24.6,523,19260,1010.4,255,342,SE,132.3,0.6,1,106.7,
2023-03-01T07:13:27.749,99.9,23.8,522,10050,1010.4,267,355,SSE,147.5,0.7,1,60,
2023-03-01T07:03:19.743,99.9,23.9,530,8600,1010.3,256,324,ESE,110.8,0.4,1,49.6,
2023-03-01T06:53:19.746,99.9,23.5,555,5630,1010.2,268,334,SW,226.4,0.5,1,31.6,
2023-03-01T06:43:19.753,99.9,23.3,570,3170,1010.2,272,365,SSW,213.6,0.5,1,17.3,
2023-03-01T06:33:19.763,99.9,23.2,543,1460,1009.8,256,328,SE,144.7,0.4,1,6,
2023-03-01T06:23:19.753,99.9,23.2,553,430,1009.8,262,347,E,90.2,0.7,1,0,
2023-03-01T06:13:19.748,99.9,23.3,536,30,1009.6,295,380,S,169.2,1.3,1,0,
2023-03-01T06:03:28.753,99.9,23.3,550,0,1009.5,326,429,ESE,113.7,0.8,1,0,
2023-03-01T05:53:19.755,99.9,23.3,543,0,1009.5,394,517,ESE,121.6,1,1,0,
2023-03-01T05:43:19.765,99.9,23.3,548,0,1009.3,376,504,SE,143.2,0.9,1,0,
2023-03-01T05:33:28.755,99.9,23.4,542,0,1009.2,356,447,SE,127.7,0.8,1,0,
2023-03-01T05:23:19.766,99.9,23.5,562,0,1009.1,341,432,ESE,105.5,0.9,1,0,
2023-03-01T05:13:19.765,99.9,23.5,547,0,1009,349,448,ESE,114.9,0.7,1,0,
2023-03-01T05:03:28.747,99.9,23.5,533,0,1008.9,368,485,ENE,77.3,1,1,0,
2023-03-01T04:53:19.766,99.9,23.6,540,0,1009,381,512,E,89.8,0.6,1,0,
2023-03-01T04:43:19.755,99.9,23.7,532,0,1008.9,363,456,SE,126.7,0.7,1,0,
2023-03-01T04:33:19.765,99.9,23.8,505,0,1008.9,349,453,ENE,74.7,0.4,1,0,
2023-03-01T04:23:19.755,99.9,23.9,474,0,1008.9,337,426,NW,321.6,0.4,1,0,
2023-03-01T04:13:19.765,99.9,23.9,489,0,1009,323,426,N,351.5,0.4,1,0,
2023-03-01T04:03:19.764,99.9,23.9,504,0,1009,338,442,NNE,23.2,0.5,1,0,
2023-03-01T03:53:19.754,99.9,23.9,486,0,1008.8,354,445,SSE,148.3,0.6,1,0,
2023-03-01T03:43:19.777,99.9,24,488,0,1008.9,376,484,ESE,121.8,0.3,1,0,
2023-03-01T03:33:19.764,99.9,24.1,468,0,1009,378,483,SE,129.9,1.3,1,0,
2023-03-01T03:23:20.304,99.9,24.2,457,0,1009,382,511,SSE,159.9,0.4,1,0,
2023-03-01T03:13:19.766,99.9,24.3,457,0,1009.1,383,499,SE,137.2,0.9,1,0,
2023-03-01T03:03:19.779,99.9,24.3,440,0,1009.1,365,459,SSE,153.4,0.9,1,0,
2023-03-01T02:53:19.787,99.9,24.5,442,0,1009.2,404,523,SE,126.4,0.7,1,0,
2023-03-01T02:43:19.774,99.9,24.6,451,0,1009.2,385,485,E,99.6,1.2,1,0,
2023-03-01T02:33:19.766,99.9,24.6,424,0,1009.3,364,483,SSW,193.7,0.6,1,0,
2023-03-01T02:23:37.874,99.9,24.6,435,0,1009.3,330,421,ENE,64.5,0.8,1,0,
2023-03-01T02:13:19.793,99.9,24.7,433,0,1009.5,355,476,SSE,160.3,0.7,1,0,
2023-03-01T02:03:19.786,99.9,24.7,422,0,1009.6,346,435,NW,304.1,1,1,0,
2023-03-01T01:53:19.778,99.9,24.8,424,0,1009.6,325,433,E,91.7,0.2,0,0,
2023-03-01T01:43:19.786,99.9,24.8,422,0,1009.8,330,424,SSE,157.8,0.7,1,0,
2023-03-01T01:33:19.793,99.9,24.8,412,0,1009.8,348,454,SSE,155.3,0.6,1,0,
2023-03-01T01:23:19.778,99.9,24.9,406,0,1010,338,443,S,173.2,0.8,1,0,
2023-03-01T01:13:19.773,99.9,24.9,398,0,1010.1,292,382,SE,137.8,0.7,1,0,
2023-03-01T01:03:19.796,99.9,24.9,388,0,1010.2,288,368,SE,132.4,0.6,1,0,
2023-03-01T00:53:19.793,99.9,24.9,378,0,1010.4,242,302,NNE,33.3,0.5,1,0,
2023-03-01T00:43:19.773,99.9,25.1,387,0,1010.4,206,271,SE,123.8,0.6,1,0,
2023-03-01T00:33:19.787,99.9,25.2,375,0,1010.6,213,265,E,79.7,0.7,1,0,
2023-03-01T00:23:19.773,99.9,25.2,360,0,1010.6,197,256,WSW,249.3,1,1,0,
2023-03-01T00:13:19.777,99.9,25.2,378,0,1010.8,214,282,NNE,25.7,0.6,1,0,
2023-03-01T00:03:19.797,99.9,25.4,359,0,1010.9,198,257,SSW,194.9,0.3,1,0,
2023-02-28T23:53:19.797,99.9,25.5,350,0,1011.1,181,234,SE,133.8,0.8,1,0,
2023-02-28T23:43:19.797,99.9,25.5,356,0,1011.1,175,232,W,260.8,0.4,1,0,
2023-02-28T23:33:19.792,99.9,25.5,357,0,1011.2,176,221,SE,135.6,0.8,1,0,
2023-02-28T23:23:27.797,99.9,25.6,341,0,1011.2,176,230,ESE,113.6,0.7,1,0,
2023-02-28T23:13:19.802,99.9,25.7,337,0,1011.3,170,215,S,175.2,0.4,1,0,
2023-02-28T23:03:19.787,99.9,25.7,347,0,1011.3,172,229,SW,223.4,0.5,1,0,
2023-02-28T22:53:19.805,99.9,25.7,359,0,1011.2,152,191,ESE,119.6,1.1,1,0,
2023-02-28T22:43:19.807,99.9,25.9,338,0,1011.4,163,215,S,183.1,0.6,1,0,
2023-02-28T22:33:19.813,99.9,26,338,0,1011.4,150,196,W,263.7,0.5,1,0,
2023-02-28T22:23:19.816,99.9,26,326,0,1011.5,125,165,SSW,195.5,0.2,0,0,
2023-02-28T22:13:19.797,99.9,26.1,337,0,1011.4,120,152,S,171.5,0,0,0,
2023-02-28T22:03:19.801,99.9,26.2,324,0,1011.3,116,149,WSW,249.2,0.5,1,0,
2023-02-28T21:53:19.811,99.9,26.2,330,0,1011.4,113,143,SSE,159.4,0.7,1,0,
2023-02-28T21:43:19.801,99.9,26.2,311,0,1011.3,108,139,SE,130.9,0.4,1,0,
2023-02-28T21:33:37.902,99.9,26.3,294,0,1011.2,102,133,E,97.5,1,1,0,
2023-02-28T21:23:19.797,99.9,26.4,312,0,1011.2,99,124,SSW,203.4,0.6,1,0,
2023-02-28T21:13:19.816,99.9,26.4,303,0,1011.1,107,141,SSE,150.4,0.3,1,0,
2023-02-28T21:03:19.807,99.9,26.5,323,0,1011,123,154,SSE,151.6,0.4,1,0,
2023-02-28T20:53:19.816,99.9,26.4,298,0,1010.8,122,158,E,97.4,0.7,1,0,
2023-02-28T20:43:19.826,99.9,26.5,313,0,1010.7,112,146,NNE,23.7,0.4,1,0,
2023-02-28T20:33:28.832,99.9,26.7,312,0,1010.5,109,136,SSW,211,0.6,1,0,
2023-02-28T20:23:19.832,99.9,26.7,295,0,1010.2,107,143,E,83.4,0.6,1,0,
2023-02-28T20:13:19.827,99.9,26.8,307,0,1010.2,95,122,SSE,154.3,0.6,1,0,
2023-02-28T20:03:19.826,99.9,26.8,299,0,1010,89,110,SE,127.7,0.7,1,0,
2023-02-28T19:53:19.817,99.9,26.9,299,0,1009.8,99,129,W,260.5,1.2,1,0,
2023-02-28T19:43:19.816,99.9,26.9,293,0,1009.8,98,130,ENE,77.6,1.1,1,0,
2023-02-28T19:33:27.839,99.9,27.1,301,0,1009.6,101,128,SW,220.2,1,1,0,
2023-02-28T19:23:19.817,99.9,27.1,294,0,1009.5,99,128,S,187.3,1.1,1,0,
2023-02-28T19:13:28.922,97.4,27.3,293,0,1009.5,96,124,E,80.5,0.8,1,0,
2023-02-28T19:03:19.906,92.5,27.4,289,0,1009.3,84,112,SE,128.8,0.8,1,0,
2023-02-28T18:53:20.386,90.5,27.4,283,0,1009.3,78,99,SE,128,1.3,1,0,
2023-02-28T18:43:19.841,87.5,27.6,279,0,1009.1,73,95,E,101.2,1.3,1,0,
2023-02-28T18:33:27.826,86.5,27.7,298,10,1009.1,68,85,SE,124.3,0.8,1,0,
2023-02-28T18:23:19.836,83.8,27.9,280,320,1009,68,88,NE,38.5,1.4,1,0,
2023-02-28T18:13:19.816,81.3,28,280,1210,1008.8,68,84,S,169,1.1,1,4.1,
2023-02-28T18:03:19.846,79.4,28.3,285,2740,1008.8,60,80,NNW,330.8,1.2,1,12.8,
2023-02-28T17:53:19.826,78.6,28.5,279,4800,1008.4,62,80,SE,139.2,1,1,23.7,
2023-02-28T17:43:19.826,77.4,28.7,285,5860,1008.5,67,83,ENE,75.9,1,1,27.7,
2023-02-28T17:33:19.836,75.1,29.1,289,6790,1008.5,58,72,WSW,250.1,1.1,1,33.3,
2023-02-28T17:23:19.815,72.3,29.6,294,16280,1008.2,56,73,SSE,150,1.6,2,54.7,
2023-02-28T17:13:19.854,67.5,30.8,297,25120,1008,61,76,E,90.3,1.1,1,93,
2023-02-28T17:03:19.841,68.7,30.4,310,32210,1008,62,79,E,96.5,1.1,1,111.8,
2023-02-28T16:53:37.946,67.7,30,282,29730,1008.1,54,71,ESE,106.1,0.6,1,103.1,
2023-02-28T16:43:19.831,64.2,31,304,44040,1007.9,49,64,ESE,114.3,1,1,126.6,
2023-02-28T16:33:36.940,62.6,31.1,298,53670,1007.8,51,63,NW,313.5,1.6,2,150.3,
2023-02-28T16:23:19.831,63.2,31,289,55120,1007.5,52,68,WSW,252.5,1.4,1,162.9,
2023-02-28T16:13:19.836,60.9,31.7,286,62270,1007.6,50,62,W,272.2,2.4,2,175.4,
2023-02-28T16:03:19.820,59.9,32.1,293,68020,1007.6,49,61,NNE,15.5,1.3,1,187.7,
2023-02-28T15:53:19.836,59.4,32.5,308,70780,1007.6,54,67,SE,145.7,1.3,1,212.1,
2023-02-28T15:43:19.850,56.6,32.1,354,75520,1007.6,42,53,SE,138.4,1.6,2,364.2,
2023-02-28T15:33:19.854,59.4,32.5,291,80570,1007.7,70,92,NNW,341.8,1.4,1,409.9,
2023-02-28T15:23:28.851,59.3,32.3,290,81950,1007.7,55,69,WNW,284.6,0.8,1,425.8,
2023-02-28T15:13:19.842,56.7,32.3,327,86290,1007.6,47,60,ESE,106.9,1.2,1,453.1,
2023-02-28T15:03:19.832,54.5,32.9,318,88040,1008,43,55,ESE,104,1.6,2,468.4,
2023-02-28T14:53:19.839,58.8,32.6,310,92220,1007.9,56,73,NNE,32.3,1,1,497.5,
2023-02-28T14:43:19.824,58.1,32.9,328,95850,1008.1,53,66,SSW,205.6,0.8,1,524.8,
2023-02-28T14:33:19.831,61.3,32.2,287,94740,1008.3,56,73,S,182.4,1.1,1,527,
2023-02-28T14:23:27.834,58.8,32.3,308,99360,1008.4,52,66,ENE,72.5,1.4,1,560,
2023-02-28T14:13:19.820,57.6,32.8,308,102290,1008.6,53,69,ESE,117.6,1,1,582.2,
2023-02-28T14:03:19.831,62.6,31.7,315,100830,1008.7,53,68,ESE,104.4,1,1,584.8,
2023-02-28T13:53:19.811,60.2,31.8,319,106710,1008.9,53,67,WSW,245.6,1,1,625.9,
2023-02-28T13:43:19.824,62.8,31.7,297,108250,1009.1,57,72,NNW,339.9,0.8,1,640.5,
2023-02-28T13:33:19.821,62.2,32.6,307,101780,1009.3,56,71,ESE,106.2,1.1,1,610.8,
2023-02-28T13:23:19.822,60.2,32.4,289,108470,1009.3,53,67,E,83,1.9,2,652.9,
2023-02-28T13:13:19.823,59.4,32.3,293,107380,1009.6,51,68,NNE,19.8,1.4,1,656,
2023-02-28T13:03:19.806,62.2,31.8,334,111180,1009.7,54,69,NNE,26.8,1.8,2,675.8,
2023-02-28T12:53:19.805,61.9,32.2,263,114080,1009.8,55,71,WNW,292.2,2,2,697,
2023-02-28T12:43:19.899,60.3,32.4,369,115710,1010.1,59,74,SE,129.8,1.5,1,708,
2023-02-28T12:33:36.897,64.9,31.6,331,116390,1010.3,58,72,ENE,73.1,0.7,1,718.6,
2023-02-28T12:23:19.907,64,32.2,354,57890,1010.8,60,79,SSW,203.7,0.7,1,362.8,
2023-02-28T12:13:37.908,66.3,32.1,316,110010,1010.5,60,79,WSW,248.1,0.8,1,686.6,
2023-02-28T12:03:20.368,67.4,31.9,312,59690,1010.8,70,87,E,82,1.9,2,372,
2023-02-28T11:53:19.806,67.2,32.5,325,77600,1010.9,67,85,SW,223.3,2.3,2,579.9,
